target,model,subject_id,true,predicted,correct
group,LogisticReg,MA7_1,Aspartame+Grapefruit,Grapefruit,False
group,LogisticReg,MA7_2,Aspartame+Grapefruit,Grapefruit,False
group,LogisticReg,MA7_3,Aspartame+Grapefruit,Aspartame,False
group,LogisticReg,MA8_1,Aspartame+Grapefruit,Grapefruit,False
group,LogisticReg,MA8_2,Aspartame+Grapefruit,Aspartame+Grapefruit,True
group,LogisticReg,MA8_3,Aspartame+Grapefruit,Aspartame+Grapefruit,True
group,LogisticReg,MA8_4,Aspartame+Grapefruit,Grapefruit,False
group,LogisticReg,MA8_5,Aspartame+Grapefruit,Aspartame,False
group,LogisticReg,MA3_1,Aspartame,Aspartame,True
group,LogisticReg,MA3_2,Aspartame,Aspartame,True
group,LogisticReg,MA3_3,Aspartame,Grapefruit,False
group,LogisticReg,MA4_1,Aspartame,Grapefruit,False
group,LogisticReg,MA4_2,Aspartame,Aspartame,True
group,LogisticReg,MA4_3,Aspartame,Aspartame,True
group,LogisticReg,MA4_4,Aspartame,Aspartame+Grapefruit,False
group,LogisticReg,MA4_5,Aspartame,Aspartame,True
group,LogisticReg,MA5_1,Grapefruit,Control,False
group,LogisticReg,MA5_2,Grapefruit,Grapefruit,True
group,LogisticReg,MA5_3,Grapefruit,Grapefruit,True
group,LogisticReg,MA6_1,Grapefruit,Grapefruit,True
group,LogisticReg,MA6_2,Grapefruit,Aspartame+Grapefruit,False
group,LogisticReg,MA6_3,Grapefruit,Grapefruit,True
group,LogisticReg,MA6_4,Grapefruit,Aspartame+Grapefruit,False
group,LogisticReg,MA6_5,Grapefruit,Aspartame,False
group,LogisticReg,MA1_1,Control,Aspartame,False
group,LogisticReg,MA1_2,Control,Grapefruit,False
group,LogisticReg,MA1_3,Control,Grapefruit,False
group,LogisticReg,MA2_1,Control,Aspartame,False
group,LogisticReg,MA2_2,Control,Aspartame+Grapefruit,False
group,RandomForest,MA7_1,Aspartame+Grapefruit,Grapefruit,False
group,RandomForest,MA7_2,Aspartame+Grapefruit,Grapefruit,False
group,RandomForest,MA7_3,Aspartame+Grapefruit,Aspartame,False
group,RandomForest,MA8_1,Aspartame+Grapefruit,Grapefruit,False
group,RandomForest,MA8_2,Aspartame+Grapefruit,Aspartame,False
group,RandomForest,MA8_3,Aspartame+Grapefruit,Aspartame+Grapefruit,True
group,RandomForest,MA8_4,Aspartame+Grapefruit,Aspartame+Grapefruit,True
group,RandomForest,MA8_5,Aspartame+Grapefruit,Aspartame,False
group,RandomForest,MA3_1,Aspartame,Aspartame,True
group,RandomForest,MA3_2,Aspartame,Aspartame,True
group,RandomForest,MA3_3,Aspartame,Aspartame+Grapefruit,False
group,RandomForest,MA4_1,Aspartame,Grapefruit,False
group,RandomForest,MA4_2,Aspartame,Aspartame+Grapefruit,False
group,RandomForest,MA4_3,Aspartame,Aspartame,True
group,RandomForest,MA4_4,Aspartame,Aspartame+Grapefruit,False
group,RandomForest,MA4_5,Aspartame,Aspartame,True
group,RandomForest,MA5_1,Grapefruit,Control,False
group,RandomForest,MA5_2,Grapefruit,Grapefruit,True
group,RandomForest,MA5_3,Grapefruit,Grapefruit,True
group,RandomForest,MA6_1,Grapefruit,Grapefruit,True
group,RandomForest,MA6_2,Grapefruit,Grapefruit,True
group,RandomForest,MA6_3,Grapefruit,Grapefruit,True
group,RandomForest,MA6_4,Grapefruit,Aspartame+Grapefruit,False
group,RandomForest,MA6_5,Grapefruit,Aspartame,False
group,RandomForest,MA1_1,Control,Aspartame,False
group,RandomForest,MA1_2,Control,Aspartame+Grapefruit,False
group,RandomForest,MA1_3,Control,Aspartame+Grapefruit,False
group,RandomForest,MA2_1,Control,Aspartame,False
group,RandomForest,MA2_2,Control,Aspartame+Grapefruit,False
group,XGBoost,MA7_1,Aspartame+Grapefruit,Grapefruit,False
group,XGBoost,MA7_2,Aspartame+Grapefruit,Grapefruit,False
group,XGBoost,MA7_3,Aspartame+Grapefruit,Aspartame,False
group,XGBoost,MA8_1,Aspartame+Grapefruit,Grapefruit,False
group,XGBoost,MA8_2,Aspartame+Grapefruit,Aspartame,False
group,XGBoost,MA8_3,Aspartame+Grapefruit,Aspartame+Grapefruit,True
group,XGBoost,MA8_4,Aspartame+Grapefruit,Aspartame+Grapefruit,True
group,XGBoost,MA8_5,Aspartame+Grapefruit,Aspartame,False
group,XGBoost,MA3_1,Aspartame,Aspartame+Grapefruit,False
group,XGBoost,MA3_2,Aspartame,Aspartame+Grapefruit,False
group,XGBoost,MA3_3,Aspartame,Grapefruit,False
group,XGBoost,MA4_1,Aspartame,Aspartame+Grapefruit,False
group,XGBoost,MA4_2,Aspartame,Aspartame+Grapefruit,False
group,XGBoost,MA4_3,Aspartame,Aspartame,True
group,XGBoost,MA4_4,Aspartame,Control,False
group,XGBoost,MA4_5,Aspartame,Aspartame,True
group,XGBoost,MA5_1,Grapefruit,Aspartame+Grapefruit,False
group,XGBoost,MA5_2,Grapefruit,Grapefruit,True
group,XGBoost,MA5_3,Grapefruit,Grapefruit,True
group,XGBoost,MA6_1,Grapefruit,Grapefruit,True
group,XGBoost,MA6_2,Grapefruit,Grapefruit,True
group,XGBoost,MA6_3,Grapefruit,Grapefruit,True
group,XGBoost,MA6_4,Grapefruit,Grapefruit,True
group,XGBoost,MA6_5,Grapefruit,Grapefruit,True
group,XGBoost,MA1_1,Control,Aspartame,False
group,XGBoost,MA1_2,Control,Grapefruit,False
group,XGBoost,MA1_3,Control,Aspartame+Grapefruit,False
group,XGBoost,MA2_1,Control,Grapefruit,False
group,XGBoost,MA2_2,Control,Aspartame+Grapefruit,False
group,SVM,MA7_1,Aspartame+Grapefruit,Grapefruit,False
group,SVM,MA7_2,Aspartame+Grapefruit,Grapefruit,False
group,SVM,MA7_3,Aspartame+Grapefruit,Aspartame,False
group,SVM,MA8_1,Aspartame+Grapefruit,Aspartame,False
group,SVM,MA8_2,Aspartame+Grapefruit,Aspartame+Grapefruit,True
group,SVM,MA8_3,Aspartame+Grapefruit,Aspartame,False
group,SVM,MA8_4,Aspartame+Grapefruit,Grapefruit,False
group,SVM,MA8_5,Aspartame+Grapefruit,Aspartame,False
group,SVM,MA3_1,Aspartame,Aspartame,True
group,SVM,MA3_2,Aspartame,Aspartame+Grapefruit,False
group,SVM,MA3_3,Aspartame,Aspartame+Grapefruit,False
group,SVM,MA4_1,Aspartame,Aspartame,True
group,SVM,MA4_2,Aspartame,Aspartame+Grapefruit,False
group,SVM,MA4_3,Aspartame,Aspartame,True
group,SVM,MA4_4,Aspartame,Aspartame+Grapefruit,False
group,SVM,MA4_5,Aspartame,Aspartame,True
group,SVM,MA5_1,Grapefruit,Control,False
group,SVM,MA5_2,Grapefruit,Grapefruit,True
group,SVM,MA5_3,Grapefruit,Grapefruit,True
group,SVM,MA6_1,Grapefruit,Grapefruit,True
group,SVM,MA6_2,Grapefruit,Aspartame+Grapefruit,False
group,SVM,MA6_3,Grapefruit,Grapefruit,True
group,SVM,MA6_4,Grapefruit,Aspartame+Grapefruit,False
group,SVM,MA6_5,Grapefruit,Aspartame+Grapefruit,False
group,SVM,MA1_1,Control,Aspartame+Grapefruit,False
group,SVM,MA1_2,Control,Grapefruit,False
group,SVM,MA1_3,Control,Aspartame+Grapefruit,False
group,SVM,MA2_1,Control,Aspartame+Grapefruit,False
group,SVM,MA2_2,Control,Aspartame+Grapefruit,False
group,LogReg_L1_MI8,MA7_1,Aspartame+Grapefruit,Grapefruit,False
group,LogReg_L1_MI8,MA7_2,Aspartame+Grapefruit,Grapefruit,False
group,LogReg_L1_MI8,MA7_3,Aspartame+Grapefruit,Grapefruit,False
group,LogReg_L1_MI8,MA8_1,Aspartame+Grapefruit,Grapefruit,False
group,LogReg_L1_MI8,MA8_2,Aspartame+Grapefruit,Grapefruit,False
group,LogReg_L1_MI8,MA8_3,Aspartame+Grapefruit,Grapefruit,False
group,LogReg_L1_MI8,MA8_4,Aspartame+Grapefruit,Grapefruit,False
group,LogReg_L1_MI8,MA8_5,Aspartame+Grapefruit,Grapefruit,False
group,LogReg_L1_MI8,MA3_1,Aspartame,Aspartame+Grapefruit,False
group,LogReg_L1_MI8,MA3_2,Aspartame,Aspartame+Grapefruit,False
group,LogReg_L1_MI8,MA3_3,Aspartame,Aspartame+Grapefruit,False
group,LogReg_L1_MI8,MA4_1,Aspartame,Aspartame,True
group,LogReg_L1_MI8,MA4_2,Aspartame,Aspartame+Grapefruit,False
group,LogReg_L1_MI8,MA4_3,Aspartame,Aspartame+Grapefruit,False
group,LogReg_L1_MI8,MA4_4,Aspartame,Aspartame+Grapefruit,False
group,LogReg_L1_MI8,MA4_5,Aspartame,Aspartame+Grapefruit,False
group,LogReg_L1_MI8,MA5_1,Grapefruit,Aspartame+Grapefruit,False
group,LogReg_L1_MI8,MA5_2,Grapefruit,Aspartame+Grapefruit,False
group,LogReg_L1_MI8,MA5_3,Grapefruit,Aspartame+Grapefruit,False
group,LogReg_L1_MI8,MA6_1,Grapefruit,Aspartame+Grapefruit,False
group,LogReg_L1_MI8,MA6_2,Grapefruit,Aspartame+Grapefruit,False
group,LogReg_L1_MI8,MA6_3,Grapefruit,Aspartame+Grapefruit,False
group,LogReg_L1_MI8,MA6_4,Grapefruit,Aspartame+Grapefruit,False
group,LogReg_L1_MI8,MA6_5,Grapefruit,Aspartame+Grapefruit,False
group,LogReg_L1_MI8,MA1_1,Control,Grapefruit,False
group,LogReg_L1_MI8,MA1_2,Control,Grapefruit,False
group,LogReg_L1_MI8,MA1_3,Control,Grapefruit,False
group,LogReg_L1_MI8,MA2_1,Control,Grapefruit,False
group,LogReg_L1_MI8,MA2_2,Control,Grapefruit,False
group,LightGBM,MA7_1,Aspartame+Grapefruit,Grapefruit,False
group,LightGBM,MA7_2,Aspartame+Grapefruit,Control,False
group,LightGBM,MA7_3,Aspartame+Grapefruit,Aspartame,False
group,LightGBM,MA8_1,Aspartame+Grapefruit,Control,False
group,LightGBM,MA8_2,Aspartame+Grapefruit,Aspartame,False
group,LightGBM,MA8_3,Aspartame+Grapefruit,Aspartame,False
group,LightGBM,MA8_4,Aspartame+Grapefruit,Control,False
group,LightGBM,MA8_5,Aspartame+Grapefruit,Grapefruit,False
group,LightGBM,MA3_1,Aspartame,Aspartame,True
group,LightGBM,MA3_2,Aspartame,Control,False
group,LightGBM,MA3_3,Aspartame,Aspartame+Grapefruit,False
group,LightGBM,MA4_1,Aspartame,Aspartame,True
group,LightGBM,MA4_2,Aspartame,Aspartame+Grapefruit,False
group,LightGBM,MA4_3,Aspartame,Aspartame,True
group,LightGBM,MA4_4,Aspartame,Control,False
group,LightGBM,MA4_5,Aspartame,Control,False
group,LightGBM,MA5_1,Grapefruit,Control,False
group,LightGBM,MA5_2,Grapefruit,Aspartame+Grapefruit,False
group,LightGBM,MA5_3,Grapefruit,Grapefruit,True
group,LightGBM,MA6_1,Grapefruit,Aspartame,False
group,LightGBM,MA6_2,Grapefruit,Grapefruit,True
group,LightGBM,MA6_3,Grapefruit,Grapefruit,True
group,LightGBM,MA6_4,Grapefruit,Aspartame+Grapefruit,False
group,LightGBM,MA6_5,Grapefruit,Grapefruit,True
group,LightGBM,MA1_1,Control,Aspartame,False
group,LightGBM,MA1_2,Control,Grapefruit,False
group,LightGBM,MA1_3,Control,Aspartame+Grapefruit,False
group,LightGBM,MA2_1,Control,Aspartame+Grapefruit,False
group,LightGBM,MA2_2,Control,Aspartame+Grapefruit,False
anxiety_level,LogisticReg,MA7_1,low,low,True
anxiety_level,LogisticReg,MA7_2,low,low,True
anxiety_level,LogisticReg,MA7_3,low,low,True
anxiety_level,LogisticReg,MA8_1,high,high,True
anxiety_level,LogisticReg,MA8_2,low,low,True
anxiety_level,LogisticReg,MA8_3,low,low,True
anxiety_level,LogisticReg,MA8_4,low,low,True
anxiety_level,LogisticReg,MA8_5,high,high,True
anxiety_level,LogisticReg,MA3_1,high,high,True
anxiety_level,LogisticReg,MA3_2,low,low,True
anxiety_level,LogisticReg,MA3_3,high,high,True
anxiety_level,LogisticReg,MA4_1,high,high,True
anxiety_level,LogisticReg,MA4_2,moderate,low,False
anxiety_level,LogisticReg,MA4_3,moderate,low,False
anxiety_level,LogisticReg,MA4_4,low,low,True
anxiety_level,LogisticReg,MA4_5,low,low,True
anxiety_level,LogisticReg,MA5_1,high,high,True
anxiety_level,LogisticReg,MA5_2,high,high,True
anxiety_level,LogisticReg,MA5_3,high,high,True
anxiety_level,LogisticReg,MA6_1,high,high,True
anxiety_level,LogisticReg,MA6_2,low,low,True
anxiety_level,LogisticReg,MA6_3,high,high,True
anxiety_level,LogisticReg,MA6_4,high,high,True
anxiety_level,LogisticReg,MA6_5,low,low,True
anxiety_level,LogisticReg,MA1_1,low,low,True
anxiety_level,LogisticReg,MA1_2,high,high,True
anxiety_level,LogisticReg,MA1_3,low,low,True
anxiety_level,LogisticReg,MA2_1,low,low,True
anxiety_level,LogisticReg,MA2_2,low,low,True
anxiety_level,RandomForest,MA7_1,low,low,True
anxiety_level,RandomForest,MA7_2,low,low,True
anxiety_level,RandomForest,MA7_3,low,low,True
anxiety_level,RandomForest,MA8_1,high,high,True
anxiety_level,RandomForest,MA8_2,low,low,True
anxiety_level,RandomForest,MA8_3,low,low,True
anxiety_level,RandomForest,MA8_4,low,low,True
anxiety_level,RandomForest,MA8_5,high,high,True
anxiety_level,RandomForest,MA3_1,high,high,True
anxiety_level,RandomForest,MA3_2,low,low,True
anxiety_level,RandomForest,MA3_3,high,high,True
anxiety_level,RandomForest,MA4_1,high,high,True
anxiety_level,RandomForest,MA4_2,moderate,low,False
anxiety_level,RandomForest,MA4_3,moderate,low,False
anxiety_level,RandomForest,MA4_4,low,low,True
anxiety_level,RandomForest,MA4_5,low,low,True
anxiety_level,RandomForest,MA5_1,high,high,True
anxiety_level,RandomForest,MA5_2,high,high,True
anxiety_level,RandomForest,MA5_3,high,high,True
anxiety_level,RandomForest,MA6_1,high,high,True
anxiety_level,RandomForest,MA6_2,low,low,True
anxiety_level,RandomForest,MA6_3,high,high,True
anxiety_level,RandomForest,MA6_4,high,high,True
anxiety_level,RandomForest,MA6_5,low,low,True
anxiety_level,RandomForest,MA1_1,low,high,False
anxiety_level,RandomForest,MA1_2,high,high,True
anxiety_level,RandomForest,MA1_3,low,low,True
anxiety_level,RandomForest,MA2_1,low,low,True
anxiety_level,RandomForest,MA2_2,low,low,True
anxiety_level,XGBoost,MA7_1,low,low,True
anxiety_level,XGBoost,MA7_2,low,low,True
anxiety_level,XGBoost,MA7_3,low,low,True
anxiety_level,XGBoost,MA8_1,high,high,True
anxiety_level,XGBoost,MA8_2,low,low,True
anxiety_level,XGBoost,MA8_3,low,high,False
anxiety_level,XGBoost,MA8_4,low,low,True
anxiety_level,XGBoost,MA8_5,high,high,True
anxiety_level,XGBoost,MA3_1,high,high,True
anxiety_level,XGBoost,MA3_2,low,low,True
anxiety_level,XGBoost,MA3_3,high,high,True
anxiety_level,XGBoost,MA4_1,high,high,True
anxiety_level,XGBoost,MA4_2,moderate,low,False
anxiety_level,XGBoost,MA4_3,moderate,low,False
anxiety_level,XGBoost,MA4_4,low,low,True
anxiety_level,XGBoost,MA4_5,low,low,True
anxiety_level,XGBoost,MA5_1,high,high,True
anxiety_level,XGBoost,MA5_2,high,high,True
anxiety_level,XGBoost,MA5_3,high,high,True
anxiety_level,XGBoost,MA6_1,high,high,True
anxiety_level,XGBoost,MA6_2,low,low,True
anxiety_level,XGBoost,MA6_3,high,high,True
anxiety_level,XGBoost,MA6_4,high,high,True
anxiety_level,XGBoost,MA6_5,low,low,True
anxiety_level,XGBoost,MA1_1,low,low,True
anxiety_level,XGBoost,MA1_2,high,high,True
anxiety_level,XGBoost,MA1_3,low,low,True
anxiety_level,XGBoost,MA2_1,low,low,True
anxiety_level,XGBoost,MA2_2,low,low,True
anxiety_level,SVM,MA7_1,low,low,True
anxiety_level,SVM,MA7_2,low,low,True
anxiety_level,SVM,MA7_3,low,low,True
anxiety_level,SVM,MA8_1,high,high,True
anxiety_level,SVM,MA8_2,low,low,True
anxiety_level,SVM,MA8_3,low,low,True
anxiety_level,SVM,MA8_4,low,low,True
anxiety_level,SVM,MA8_5,high,high,True
anxiety_level,SVM,MA3_1,high,high,True
anxiety_level,SVM,MA3_2,low,low,True
anxiety_level,SVM,MA3_3,high,high,True
anxiety_level,SVM,MA4_1,high,high,True
anxiety_level,SVM,MA4_2,moderate,low,False
anxiety_level,SVM,MA4_3,moderate,low,False
anxiety_level,SVM,MA4_4,low,low,True
anxiety_level,SVM,MA4_5,low,low,True
anxiety_level,SVM,MA5_1,high,high,True
anxiety_level,SVM,MA5_2,high,high,True
anxiety_level,SVM,MA5_3,high,high,True
anxiety_level,SVM,MA6_1,high,high,True
anxiety_level,SVM,MA6_2,low,low,True
anxiety_level,SVM,MA6_3,high,high,True
anxiety_level,SVM,MA6_4,high,high,True
anxiety_level,SVM,MA6_5,low,low,True
anxiety_level,SVM,MA1_1,low,high,False
anxiety_level,SVM,MA1_2,high,high,True
anxiety_level,SVM,MA1_3,low,low,True
anxiety_level,SVM,MA2_1,low,low,True
anxiety_level,SVM,MA2_2,low,low,True
anxiety_level,LogReg_L1_MI8,MA7_1,low,low,True
anxiety_level,LogReg_L1_MI8,MA7_2,low,low,True
anxiety_level,LogReg_L1_MI8,MA7_3,low,low,True
anxiety_level,LogReg_L1_MI8,MA8_1,high,low,False
anxiety_level,LogReg_L1_MI8,MA8_2,low,low,True
anxiety_level,LogReg_L1_MI8,MA8_3,low,low,True
anxiety_level,LogReg_L1_MI8,MA8_4,low,low,True
anxiety_level,LogReg_L1_MI8,MA8_5,high,low,False
anxiety_level,LogReg_L1_MI8,MA3_1,high,low,False
anxiety_level,LogReg_L1_MI8,MA3_2,low,low,True
anxiety_level,LogReg_L1_MI8,MA3_3,high,low,False
anxiety_level,LogReg_L1_MI8,MA4_1,high,low,False
anxiety_level,LogReg_L1_MI8,MA4_2,moderate,low,False
anxiety_level,LogReg_L1_MI8,MA4_3,moderate,low,False
anxiety_level,LogReg_L1_MI8,MA4_4,low,low,True
anxiety_level,LogReg_L1_MI8,MA4_5,low,low,True
anxiety_level,LogReg_L1_MI8,MA5_1,high,low,False
anxiety_level,LogReg_L1_MI8,MA5_2,high,low,False
anxiety_level,LogReg_L1_MI8,MA5_3,high,low,False
anxiety_level,LogReg_L1_MI8,MA6_1,high,low,False
anxiety_level,LogReg_L1_MI8,MA6_2,low,low,True
anxiety_level,LogReg_L1_MI8,MA6_3,high,low,False
anxiety_level,LogReg_L1_MI8,MA6_4,high,low,False
anxiety_level,LogReg_L1_MI8,MA6_5,low,low,True
anxiety_level,LogReg_L1_MI8,MA1_1,low,low,True
anxiety_level,LogReg_L1_MI8,MA1_2,high,low,False
anxiety_level,LogReg_L1_MI8,MA1_3,low,low,True
anxiety_level,LogReg_L1_MI8,MA2_1,low,low,True
anxiety_level,LogReg_L1_MI8,MA2_2,low,low,True
anxiety_level,LightGBM,MA7_1,low,low,True
anxiety_level,LightGBM,MA7_2,low,low,True
anxiety_level,LightGBM,MA7_3,low,low,True
anxiety_level,LightGBM,MA8_1,high,high,True
anxiety_level,LightGBM,MA8_2,low,low,True
anxiety_level,LightGBM,MA8_3,low,high,False
anxiety_level,LightGBM,MA8_4,low,low,True
anxiety_level,LightGBM,MA8_5,high,high,True
anxiety_level,LightGBM,MA3_1,high,high,True
anxiety_level,LightGBM,MA3_2,low,low,True
anxiety_level,LightGBM,MA3_3,high,high,True
anxiety_level,LightGBM,MA4_1,high,high,True
anxiety_level,LightGBM,MA4_2,moderate,low,False
anxiety_level,LightGBM,MA4_3,moderate,low,False
anxiety_level,LightGBM,MA4_4,low,low,True
anxiety_level,LightGBM,MA4_5,low,moderate,False
anxiety_level,LightGBM,MA5_1,high,high,True
anxiety_level,LightGBM,MA5_2,high,high,True
anxiety_level,LightGBM,MA5_3,high,high,True
anxiety_level,LightGBM,MA6_1,high,high,True
anxiety_level,LightGBM,MA6_2,low,low,True
anxiety_level,LightGBM,MA6_3,high,high,True
anxiety_level,LightGBM,MA6_4,high,high,True
anxiety_level,LightGBM,MA6_5,low,low,True
anxiety_level,LightGBM,MA1_1,low,low,True
anxiety_level,LightGBM,MA1_2,high,high,True
anxiety_level,LightGBM,MA1_3,low,low,True
anxiety_level,LightGBM,MA2_1,low,low,True
anxiety_level,LightGBM,MA2_2,low,low,True
rearing_profile,LogisticReg,MA7_1,high,high,True
rearing_profile,LogisticReg,MA7_2,high,high,True
rearing_profile,LogisticReg,MA7_3,moderate,high,False
rearing_profile,LogisticReg,MA8_1,high,high,True
rearing_profile,LogisticReg,MA8_2,high,high,True
rearing_profile,LogisticReg,MA8_3,high,high,True
rearing_profile,LogisticReg,MA8_4,high,high,True
rearing_profile,LogisticReg,MA8_5,high,high,True
rearing_profile,LogisticReg,MA3_1,high,high,True
rearing_profile,LogisticReg,MA3_2,moderate,high,False
rearing_profile,LogisticReg,MA3_3,high,high,True
rearing_profile,LogisticReg,MA4_1,high,high,True
rearing_profile,LogisticReg,MA4_2,low,moderate,False
rearing_profile,LogisticReg,MA4_3,high,high,True
rearing_profile,LogisticReg,MA4_4,high,high,True
rearing_profile,LogisticReg,MA4_5,high,high,True
rearing_profile,LogisticReg,MA5_1,moderate,moderate,True
rearing_profile,LogisticReg,MA5_2,high,high,True
rearing_profile,LogisticReg,MA5_3,high,high,True
rearing_profile,LogisticReg,MA6_1,high,high,True
rearing_profile,LogisticReg,MA6_2,high,high,True
rearing_profile,LogisticReg,MA6_3,high,high,True
rearing_profile,LogisticReg,MA6_4,high,high,True
rearing_profile,LogisticReg,MA6_5,high,high,True
rearing_profile,LogisticReg,MA1_1,low,moderate,False
rearing_profile,LogisticReg,MA1_2,moderate,high,False
rearing_profile,LogisticReg,MA1_3,high,high,True
rearing_profile,LogisticReg,MA2_1,high,high,True
rearing_profile,LogisticReg,MA2_2,high,high,True
rearing_profile,RandomForest,MA7_1,high,high,True
rearing_profile,RandomForest,MA7_2,high,high,True
rearing_profile,RandomForest,MA7_3,moderate,high,False
rearing_profile,RandomForest,MA8_1,high,high,True
rearing_profile,RandomForest,MA8_2,high,high,True
rearing_profile,RandomForest,MA8_3,high,high,True
rearing_profile,RandomForest,MA8_4,high,high,True
rearing_profile,RandomForest,MA8_5,high,high,True
rearing_profile,RandomForest,MA3_1,high,high,True
rearing_profile,RandomForest,MA3_2,moderate,high,False
rearing_profile,RandomForest,MA3_3,high,high,True
rearing_profile,RandomForest,MA4_1,high,high,True
rearing_profile,RandomForest,MA4_2,low,moderate,False
rearing_profile,RandomForest,MA4_3,high,high,True
rearing_profile,RandomForest,MA4_4,high,high,True
rearing_profile,RandomForest,MA4_5,high,high,True
rearing_profile,RandomForest,MA5_1,moderate,moderate,True
rearing_profile,RandomForest,MA5_2,high,high,True
rearing_profile,RandomForest,MA5_3,high,high,True
rearing_profile,RandomForest,MA6_1,high,high,True
rearing_profile,RandomForest,MA6_2,high,high,True
rearing_profile,RandomForest,MA6_3,high,high,True
rearing_profile,RandomForest,MA6_4,high,high,True
rearing_profile,RandomForest,MA6_5,high,high,True
rearing_profile,RandomForest,MA1_1,low,moderate,False
rearing_profile,RandomForest,MA1_2,moderate,high,False
rearing_profile,RandomForest,MA1_3,high,high,True
rearing_profile,RandomForest,MA2_1,high,high,True
rearing_profile,RandomForest,MA2_2,high,high,True
rearing_profile,XGBoost,MA7_1,high,high,True
rearing_profile,XGBoost,MA7_2,high,high,True
rearing_profile,XGBoost,MA7_3,moderate,high,False
rearing_profile,XGBoost,MA8_1,high,high,True
rearing_profile,XGBoost,MA8_2,high,high,True
rearing_profile,XGBoost,MA8_3,high,high,True
rearing_profile,XGBoost,MA8_4,high,high,True
rearing_profile,XGBoost,MA8_5,high,high,True
rearing_profile,XGBoost,MA3_1,high,high,True
rearing_profile,XGBoost,MA3_2,moderate,moderate,True
rearing_profile,XGBoost,MA3_3,high,high,True
rearing_profile,XGBoost,MA4_1,high,high,True
rearing_profile,XGBoost,MA4_2,low,moderate,False
rearing_profile,XGBoost,MA4_3,high,high,True
rearing_profile,XGBoost,MA4_4,high,high,True
rearing_profile,XGBoost,MA4_5,high,moderate,False
rearing_profile,XGBoost,MA5_1,moderate,moderate,True
rearing_profile,XGBoost,MA5_2,high,high,True
rearing_profile,XGBoost,MA5_3,high,high,True
rearing_profile,XGBoost,MA6_1,high,high,True
rearing_profile,XGBoost,MA6_2,high,high,True
rearing_profile,XGBoost,MA6_3,high,high,True
rearing_profile,XGBoost,MA6_4,high,high,True
rearing_profile,XGBoost,MA6_5,high,high,True
rearing_profile,XGBoost,MA1_1,low,moderate,False
rearing_profile,XGBoost,MA1_2,moderate,high,False
rearing_profile,XGBoost,MA1_3,high,high,True
rearing_profile,XGBoost,MA2_1,high,high,True
rearing_profile,XGBoost,MA2_2,high,high,True
rearing_profile,SVM,MA7_1,high,high,True
rearing_profile,SVM,MA7_2,high,high,True
rearing_profile,SVM,MA7_3,moderate,high,False
rearing_profile,SVM,MA8_1,high,high,True
rearing_profile,SVM,MA8_2,high,high,True
rearing_profile,SVM,MA8_3,high,high,True
rearing_profile,SVM,MA8_4,high,high,True
rearing_profile,SVM,MA8_5,high,high,True
rearing_profile,SVM,MA3_1,high,high,True
rearing_profile,SVM,MA3_2,moderate,high,False
rearing_profile,SVM,MA3_3,high,high,True
rearing_profile,SVM,MA4_1,high,high,True
rearing_profile,SVM,MA4_2,low,high,False
rearing_profile,SVM,MA4_3,high,high,True
rearing_profile,SVM,MA4_4,high,high,True
rearing_profile,SVM,MA4_5,high,high,True
rearing_profile,SVM,MA5_1,moderate,high,False
rearing_profile,SVM,MA5_2,high,high,True
rearing_profile,SVM,MA5_3,high,high,True
rearing_profile,SVM,MA6_1,high,high,True
rearing_profile,SVM,MA6_2,high,high,True
rearing_profile,SVM,MA6_3,high,high,True
rearing_profile,SVM,MA6_4,high,high,True
rearing_profile,SVM,MA6_5,high,high,True
rearing_profile,SVM,MA1_1,low,high,False
rearing_profile,SVM,MA1_2,moderate,high,False
rearing_profile,SVM,MA1_3,high,high,True
rearing_profile,SVM,MA2_1,high,high,True
rearing_profile,SVM,MA2_2,high,high,True
rearing_profile,LogReg_L1_MI8,MA7_1,high,high,True
rearing_profile,LogReg_L1_MI8,MA7_2,high,high,True
rearing_profile,LogReg_L1_MI8,MA7_3,moderate,high,False
rearing_profile,LogReg_L1_MI8,MA8_1,high,high,True
rearing_profile,LogReg_L1_MI8,MA8_2,high,high,True
rearing_profile,LogReg_L1_MI8,MA8_3,high,high,True
rearing_profile,LogReg_L1_MI8,MA8_4,high,high,True
rearing_profile,LogReg_L1_MI8,MA8_5,high,high,True
rearing_profile,LogReg_L1_MI8,MA3_1,high,high,True
rearing_profile,LogReg_L1_MI8,MA3_2,moderate,high,False
rearing_profile,LogReg_L1_MI8,MA3_3,high,high,True
rearing_profile,LogReg_L1_MI8,MA4_1,high,high,True
rearing_profile,LogReg_L1_MI8,MA4_2,low,high,False
rearing_profile,LogReg_L1_MI8,MA4_3,high,high,True
rearing_profile,LogReg_L1_MI8,MA4_4,high,high,True
rearing_profile,LogReg_L1_MI8,MA4_5,high,high,True
rearing_profile,LogReg_L1_MI8,MA5_1,moderate,high,False
rearing_profile,LogReg_L1_MI8,MA5_2,high,high,True
rearing_profile,LogReg_L1_MI8,MA5_3,high,high,True
rearing_profile,LogReg_L1_MI8,MA6_1,high,high,True
rearing_profile,LogReg_L1_MI8,MA6_2,high,high,True
rearing_profile,LogReg_L1_MI8,MA6_3,high,high,True
rearing_profile,LogReg_L1_MI8,MA6_4,high,high,True
rearing_profile,LogReg_L1_MI8,MA6_5,high,high,True
rearing_profile,LogReg_L1_MI8,MA1_1,low,high,False
rearing_profile,LogReg_L1_MI8,MA1_2,moderate,high,False
rearing_profile,LogReg_L1_MI8,MA1_3,high,high,True
rearing_profile,LogReg_L1_MI8,MA2_1,high,high,True
rearing_profile,LogReg_L1_MI8,MA2_2,high,high,True
rearing_profile,LightGBM,MA7_1,high,high,True
rearing_profile,LightGBM,MA7_2,high,high,True
rearing_profile,LightGBM,MA7_3,moderate,high,False
rearing_profile,LightGBM,MA8_1,high,high,True
rearing_profile,LightGBM,MA8_2,high,high,True
rearing_profile,LightGBM,MA8_3,high,high,True
rearing_profile,LightGBM,MA8_4,high,high,True
rearing_profile,LightGBM,MA8_5,high,high,True
rearing_profile,LightGBM,MA3_1,high,high,True
rearing_profile,LightGBM,MA3_2,moderate,high,False
rearing_profile,LightGBM,MA3_3,high,high,True
rearing_profile,LightGBM,MA4_1,high,high,True
rearing_profile,LightGBM,MA4_2,low,moderate,False
rearing_profile,LightGBM,MA4_3,high,high,True
rearing_profile,LightGBM,MA4_4,high,high,True
rearing_profile,LightGBM,MA4_5,high,high,True
rearing_profile,LightGBM,MA5_1,moderate,low,False
rearing_profile,LightGBM,MA5_2,high,high,True
rearing_profile,LightGBM,MA5_3,high,high,True
rearing_profile,LightGBM,MA6_1,high,high,True
rearing_profile,LightGBM,MA6_2,high,high,True
rearing_profile,LightGBM,MA6_3,high,high,True
rearing_profile,LightGBM,MA6_4,high,high,True
rearing_profile,LightGBM,MA6_5,high,high,True
rearing_profile,LightGBM,MA1_1,low,moderate,False
rearing_profile,LightGBM,MA1_2,moderate,high,False
rearing_profile,LightGBM,MA1_3,high,high,True
rearing_profile,LightGBM,MA2_1,high,high,True
rearing_profile,LightGBM,MA2_2,high,high,True
grooming_profile,LogisticReg,MA7_1,high,high,True
grooming_profile,LogisticReg,MA7_2,high,high,True
grooming_profile,LogisticReg,MA7_3,low,moderate,False
grooming_profile,LogisticReg,MA8_1,moderate,moderate,True
grooming_profile,LogisticReg,MA8_2,moderate,moderate,True
grooming_profile,LogisticReg,MA8_3,low,moderate,False
grooming_profile,LogisticReg,MA8_4,moderate,moderate,True
grooming_profile,LogisticReg,MA8_5,high,high,True
grooming_profile,LogisticReg,MA3_1,moderate,moderate,True
grooming_profile,LogisticReg,MA3_2,moderate,moderate,True
grooming_profile,LogisticReg,MA3_3,high,high,True
grooming_profile,LogisticReg,MA4_1,moderate,moderate,True
grooming_profile,LogisticReg,MA4_2,high,high,True
grooming_profile,LogisticReg,MA4_3,low,moderate,False
grooming_profile,LogisticReg,MA4_4,low,moderate,False
grooming_profile,LogisticReg,MA4_5,moderate,moderate,True
grooming_profile,LogisticReg,MA5_1,high,high,True
grooming_profile,LogisticReg,MA5_2,high,high,True
grooming_profile,LogisticReg,MA5_3,moderate,moderate,True
grooming_profile,LogisticReg,MA6_1,moderate,moderate,True
grooming_profile,LogisticReg,MA6_2,moderate,moderate,True
grooming_profile,LogisticReg,MA6_3,moderate,high,False
grooming_profile,LogisticReg,MA6_4,moderate,moderate,True
grooming_profile,LogisticReg,MA6_5,moderate,moderate,True
grooming_profile,LogisticReg,MA1_1,moderate,moderate,True
grooming_profile,LogisticReg,MA1_2,high,moderate,False
grooming_profile,LogisticReg,MA1_3,moderate,moderate,True
grooming_profile,LogisticReg,MA2_1,high,high,True
grooming_profile,LogisticReg,MA2_2,moderate,moderate,True
grooming_profile,RandomForest,MA7_1,high,high,True
grooming_profile,RandomForest,MA7_2,high,high,True
grooming_profile,RandomForest,MA7_3,low,moderate,False
grooming_profile,RandomForest,MA8_1,moderate,moderate,True
grooming_profile,RandomForest,MA8_2,moderate,moderate,True
grooming_profile,RandomForest,MA8_3,low,low,True
grooming_profile,RandomForest,MA8_4,moderate,moderate,True
grooming_profile,RandomForest,MA8_5,high,high,True
grooming_profile,RandomForest,MA3_1,moderate,moderate,True
grooming_profile,RandomForest,MA3_2,moderate,moderate,True
grooming_profile,RandomForest,MA3_3,high,high,True
grooming_profile,RandomForest,MA4_1,moderate,moderate,True
grooming_profile,RandomForest,MA4_2,high,high,True
grooming_profile,RandomForest,MA4_3,low,moderate,False
grooming_profile,RandomForest,MA4_4,low,moderate,False
grooming_profile,RandomForest,MA4_5,moderate,moderate,True
grooming_profile,RandomForest,MA5_1,high,high,True
grooming_profile,RandomForest,MA5_2,high,high,True
grooming_profile,RandomForest,MA5_3,moderate,moderate,True
grooming_profile,RandomForest,MA6_1,moderate,moderate,True
grooming_profile,RandomForest,MA6_2,moderate,moderate,True
grooming_profile,RandomForest,MA6_3,moderate,moderate,True
grooming_profile,RandomForest,MA6_4,moderate,moderate,True
grooming_profile,RandomForest,MA6_5,moderate,moderate,True
grooming_profile,RandomForest,MA1_1,moderate,moderate,True
grooming_profile,RandomForest,MA1_2,high,high,True
grooming_profile,RandomForest,MA1_3,moderate,moderate,True
grooming_profile,RandomForest,MA2_1,high,high,True
grooming_profile,RandomForest,MA2_2,moderate,moderate,True
grooming_profile,XGBoost,MA7_1,high,high,True
grooming_profile,XGBoost,MA7_2,high,high,True
grooming_profile,XGBoost,MA7_3,low,low,True
grooming_profile,XGBoost,MA8_1,moderate,moderate,True
grooming_profile,XGBoost,MA8_2,moderate,moderate,True
grooming_profile,XGBoost,MA8_3,low,low,True
grooming_profile,XGBoost,MA8_4,moderate,moderate,True
grooming_profile,XGBoost,MA8_5,high,high,True
grooming_profile,XGBoost,MA3_1,moderate,moderate,True
grooming_profile,XGBoost,MA3_2,moderate,moderate,True
grooming_profile,XGBoost,MA3_3,high,high,True
grooming_profile,XGBoost,MA4_1,moderate,moderate,True
grooming_profile,XGBoost,MA4_2,high,high,True
grooming_profile,XGBoost,MA4_3,low,low,True
grooming_profile,XGBoost,MA4_4,low,low,True
grooming_profile,XGBoost,MA4_5,moderate,moderate,True
grooming_profile,XGBoost,MA5_1,high,high,True
grooming_profile,XGBoost,MA5_2,high,high,True
grooming_profile,XGBoost,MA5_3,moderate,moderate,True
grooming_profile,XGBoost,MA6_1,moderate,moderate,True
grooming_profile,XGBoost,MA6_2,moderate,moderate,True
grooming_profile,XGBoost,MA6_3,moderate,moderate,True
grooming_profile,XGBoost,MA6_4,moderate,moderate,True
grooming_profile,XGBoost,MA6_5,moderate,moderate,True
grooming_profile,XGBoost,MA1_1,moderate,moderate,True
grooming_profile,XGBoost,MA1_2,high,high,True
grooming_profile,XGBoost,MA1_3,moderate,moderate,True
grooming_profile,XGBoost,MA2_1,high,moderate,False
grooming_profile,XGBoost,MA2_2,moderate,low,False
grooming_profile,SVM,MA7_1,high,moderate,False
grooming_profile,SVM,MA7_2,high,high,True
grooming_profile,SVM,MA7_3,low,moderate,False
grooming_profile,SVM,MA8_1,moderate,moderate,True
grooming_profile,SVM,MA8_2,moderate,moderate,True
grooming_profile,SVM,MA8_3,low,moderate,False
grooming_profile,SVM,MA8_4,moderate,moderate,True
grooming_profile,SVM,MA8_5,high,high,True
grooming_profile,SVM,MA3_1,moderate,moderate,True
grooming_profile,SVM,MA3_2,moderate,moderate,True
grooming_profile,SVM,MA3_3,high,high,True
grooming_profile,SVM,MA4_1,moderate,moderate,True
grooming_profile,SVM,MA4_2,high,high,True
grooming_profile,SVM,MA4_3,low,moderate,False
grooming_profile,SVM,MA4_4,low,moderate,False
grooming_profile,SVM,MA4_5,moderate,moderate,True
grooming_profile,SVM,MA5_1,high,high,True
grooming_profile,SVM,MA5_2,high,high,True
grooming_profile,SVM,MA5_3,moderate,moderate,True
grooming_profile,SVM,MA6_1,moderate,moderate,True
grooming_profile,SVM,MA6_2,moderate,moderate,True
grooming_profile,SVM,MA6_3,moderate,moderate,True
grooming_profile,SVM,MA6_4,moderate,moderate,True
grooming_profile,SVM,MA6_5,moderate,moderate,True
grooming_profile,SVM,MA1_1,moderate,moderate,True
grooming_profile,SVM,MA1_2,high,high,True
grooming_profile,SVM,MA1_3,moderate,moderate,True
grooming_profile,SVM,MA2_1,high,high,True
grooming_profile,SVM,MA2_2,moderate,moderate,True
grooming_profile,LogReg_L1_MI8,MA7_1,high,moderate,False
grooming_profile,LogReg_L1_MI8,MA7_2,high,moderate,False
grooming_profile,LogReg_L1_MI8,MA7_3,low,moderate,False
grooming_profile,LogReg_L1_MI8,MA8_1,moderate,moderate,True
grooming_profile,LogReg_L1_MI8,MA8_2,moderate,moderate,True
grooming_profile,LogReg_L1_MI8,MA8_3,low,moderate,False
grooming_profile,LogReg_L1_MI8,MA8_4,moderate,moderate,True
grooming_profile,LogReg_L1_MI8,MA8_5,high,moderate,False
grooming_profile,LogReg_L1_MI8,MA3_1,moderate,moderate,True
grooming_profile,LogReg_L1_MI8,MA3_2,moderate,moderate,True
grooming_profile,LogReg_L1_MI8,MA3_3,high,moderate,False
grooming_profile,LogReg_L1_MI8,MA4_1,moderate,moderate,True
grooming_profile,LogReg_L1_MI8,MA4_2,high,moderate,False
grooming_profile,LogReg_L1_MI8,MA4_3,low,moderate,False
grooming_profile,LogReg_L1_MI8,MA4_4,low,moderate,False
grooming_profile,LogReg_L1_MI8,MA4_5,moderate,moderate,True
grooming_profile,LogReg_L1_MI8,MA5_1,high,moderate,False
grooming_profile,LogReg_L1_MI8,MA5_2,high,moderate,False
grooming_profile,LogReg_L1_MI8,MA5_3,moderate,moderate,True
grooming_profile,LogReg_L1_MI8,MA6_1,moderate,moderate,True
grooming_profile,LogReg_L1_MI8,MA6_2,moderate,moderate,True
grooming_profile,LogReg_L1_MI8,MA6_3,moderate,moderate,True
grooming_profile,LogReg_L1_MI8,MA6_4,moderate,moderate,True
grooming_profile,LogReg_L1_MI8,MA6_5,moderate,moderate,True
grooming_profile,LogReg_L1_MI8,MA1_1,moderate,moderate,True
grooming_profile,LogReg_L1_MI8,MA1_2,high,moderate,False
grooming_profile,LogReg_L1_MI8,MA1_3,moderate,moderate,True
grooming_profile,LogReg_L1_MI8,MA2_1,high,moderate,False
grooming_profile,LogReg_L1_MI8,MA2_2,moderate,moderate,True
grooming_profile,LightGBM,MA7_1,high,high,True
grooming_profile,LightGBM,MA7_2,high,high,True
grooming_profile,LightGBM,MA7_3,low,low,True
grooming_profile,LightGBM,MA8_1,moderate,moderate,True
grooming_profile,LightGBM,MA8_2,moderate,moderate,True
grooming_profile,LightGBM,MA8_3,low,low,True
grooming_profile,LightGBM,MA8_4,moderate,moderate,True
grooming_profile,LightGBM,MA8_5,high,high,True
grooming_profile,LightGBM,MA3_1,moderate,moderate,True
grooming_profile,LightGBM,MA3_2,moderate,moderate,True
grooming_profile,LightGBM,MA3_3,high,high,True
grooming_profile,LightGBM,MA4_1,moderate,moderate,True
grooming_profile,LightGBM,MA4_2,high,high,True
grooming_profile,LightGBM,MA4_3,low,low,True
grooming_profile,LightGBM,MA4_4,low,low,True
grooming_profile,LightGBM,MA4_5,moderate,moderate,True
grooming_profile,LightGBM,MA5_1,high,high,True
grooming_profile,LightGBM,MA5_2,high,high,True
grooming_profile,LightGBM,MA5_3,moderate,moderate,True
grooming_profile,LightGBM,MA6_1,moderate,moderate,True
grooming_profile,LightGBM,MA6_2,moderate,moderate,True
grooming_profile,LightGBM,MA6_3,moderate,moderate,True
grooming_profile,LightGBM,MA6_4,moderate,moderate,True
grooming_profile,LightGBM,MA6_5,moderate,moderate,True
grooming_profile,LightGBM,MA1_1,moderate,moderate,True
grooming_profile,LightGBM,MA1_2,high,high,True
grooming_profile,LightGBM,MA1_3,moderate,moderate,True
grooming_profile,LightGBM,MA2_1,high,high,True
grooming_profile,LightGBM,MA2_2,moderate,moderate,True
