subject_id,cohort,group,pct_periphery,pct_center,center_entries,total_distance_px,mean_speed_px_s,spatial_entropy,pct_freeze,freeze_bout_count,rear_count,rear_total_s,rear_pct,rear_mean_bout_s,rear_rate_per_min,rear_early_frac,groom_count,groom_total_s,groom_pct,groom_mean_bout_s,groom_bout_cv,groom_early_frac,rear_groom_ratio,rear_per_100px,comfort_ratio,pc1_score,pc2_score
MA3_1,MA3,Aspartame,90.72,9.28,13.0,5234.9,30.0,0.6705,6.16,12.0,16.0,42.81,24.5,2.675625,5.491990846681922,0.4720859612240131,11.0,12.66,7.24,1.1509090909090909,1.4883616941565447,0.608214849921011,3.381516587677725,0.3056409864562838,1.3642241379310347,-0.40519497055399323,0.5570295042883256
MA3_2,MA3,Aspartame,67.83,32.17,10.0,4990.7,29.75,0.787,3.29,8.0,9.0,12.66,7.53,1.4066666666666667,3.214285714285714,0.13902053712480256,11.0,12.63,7.52,1.1481818181818182,0.7182339973949963,0.4615993665874901,1.002375296912114,0.1803354238884325,0.392601802921977,0.9069759180154982,-3.200287646819349
MA3_3,MA3,Aspartame,88.96,11.04,11.0,4720.1,29.5,0.7378,8.54,16.0,19.0,24.74,15.45,1.3021052631578947,7.12054965646471,0.5889248181083266,22.0,26.45,16.52,1.2022727272727272,0.774461025928513,0.4245746691871456,0.9353497164461247,0.4025338446219359,2.3958333333333335,1.445826997074204,0.260399774142625
MA4_1,MA4,Aspartame,87.77,12.23,11.0,6138.5,35.22,0.7808,4.38,11.0,20.0,52.57,30.13,2.6285,6.876790830945559,0.6560776108046414,9.0,8.84,5.07,0.982222222222222,0.9538768487423815,0.12104072398190048,5.9468325791855206,0.32581249490917974,0.722812755519215,-1.5258479167154637,1.4540088880771092
MA4_2,MA4,Aspartame,78.85,21.15,15.0,4122.4,23.22,0.6016,6.78,18.0,8.0,9.28,5.23,1.1600000000000001,2.702702702702703,0.3114224137931034,20.0,27.53,15.5,1.3765,0.7453179714372343,0.2564475118053033,0.337086814384308,0.19406171162429656,1.3016548463356976,3.18083894431083,-2.349119373586417
MA4_3,MA4,Aspartame,82.77,17.23,14.0,5235.1,32.86,0.73,1.61,5.0,16.0,40.39,25.31,2.524375,6.015037593984963,0.4701658826442188,9.0,4.69,2.94,0.5211111111111112,0.3945657659411652,0.4968017057569296,8.611940298507463,0.30562930985081466,0.2721996517701683,-2.323678825945832,-0.019268877972666403
MA4_4,MA4,Aspartame,74.93,25.07,13.0,7895.3,46.14,0.8369,1.26,3.0,20.0,35.62,20.78,1.7810000000000001,7.001166861143524,0.3680516563728242,3.0,3.8,2.22,1.2666666666666666,0.37098730294629817,0.5078947368421053,9.373684210526315,0.25331526351120287,0.15157558835261267,-3.08887389210685,-0.9014819517459788
MA4_5,MA4,Aspartame,60.65,39.35,15.0,5752.4,33.07,0.704,2.1,4.0,10.0,28.66,16.45,2.8660000000000005,3.444316877152698,0.5101186322400557,12.0,12.27,7.04,1.0224999999999997,0.8739261005300246,0.3096984515077425,2.3357783211083945,0.17384048397190738,0.3118170266836086,-0.05721724262226138,-2.224586078346658
MA7_1,MA7,Aspartame+Grapefruit,64.09,35.91,21.0,6362.7,37.33,0.8203,3.42,8.0,23.0,38.21,22.41,1.661304347826087,8.093841642228739,0.36142371107040044,17.0,29.44,17.26,1.7317647058823529,1.1658754741857693,0.5200407608695653,1.2978940217391304,0.3614817608876735,0.8198273461431357,-0.46824451660001704,-0.5439584280779264
MA7_2,MA7,Aspartame+Grapefruit,80.8,19.2,17.0,7876.0,44.64,0.8289,5.2,9.0,19.0,30.75,17.37,1.618421052631579,6.440677966101695,0.41235772357723577,22.0,24.3,13.73,1.1045454545454545,0.837279383524778,0.44156378600823043,1.2654320987654322,0.24123920771965465,1.265625,-0.6018616254784384,-1.1032712800768794
MA7_3,MA7,Aspartame+Grapefruit,62.82,37.18,14.0,6608.7,37.6,0.7929,9.78,21.0,15.0,16.42,9.3,1.0946666666666667,5.096262740656852,0.5639464068209501,8.0,5.04,2.85,0.63,0.46147910349544863,0.3253968253968254,3.2579365079365084,0.2269735348858323,0.13555675094136632,0.38165001303973,-2.5687036128115794
MA8_1,MA8,Aspartame+Grapefruit,99.78,0.22,0.0,2747.7,15.44,0.23,10.55,29.0,33.0,68.9,38.53,2.087878787878788,11.073825503355703,0.409288824383164,9.0,8.2,4.59,0.911111111111111,0.6389662047611663,0.18658536585365856,8.402439024390246,1.2010044764712304,37.272727272727266,0.004107812498817096,8.743949303220067
MA8_2,MA8,Aspartame+Grapefruit,79.89,20.11,16.0,6636.9,37.4,0.7163,0.88,3.0,21.0,29.48,16.6,1.403809523809524,7.094594594594595,0.3507462686567164,9.0,13.59,7.65,1.51,1.3733381335459076,0.1493745401030169,2.1692420897718914,0.31641278307643633,0.6757831924415714,-0.3463736822261753,-0.44569921301204163
MA8_3,MA8,Aspartame+Grapefruit,85.44,14.56,19.0,6090.1,34.66,0.5791,0.96,3.0,23.0,44.14,24.99,1.9191304347826084,7.814269535673839,0.5043044857272316,6.0,3.77,2.13,0.6283333333333333,0.3411454086273931,0.416445623342175,11.708222811671087,0.377662107354559,0.2589285714285714,-2.9570116700358313,0.9086047811532242
MA8_4,MA8,Aspartame+Grapefruit,81.69,18.31,19.0,8106.0,46.84,0.7673,2.27,7.0,20.0,35.9,20.73,1.795,6.928406466512703,0.4844011142061282,9.0,8.17,4.72,0.9077777777777778,0.8775898829764767,0.1872705018359853,4.3941248470012235,0.2467308166790032,0.44620425996723106,-1.861287036950935,-0.5884260402148749
MA8_5,MA8,Aspartame+Grapefruit,93.47,6.53,6.0,4925.1,28.75,0.6424,7.54,16.0,15.0,27.27,15.91,1.818,5.250875145857643,0.5647231389805647,19.0,24.5,14.29,1.2894736842105263,1.085228677652242,0.3726530612244898,1.113061224489796,0.3045623439117987,3.7519142419601836,1.7939692992403402,0.33299891226350653
MA1_1,MA1,Control,9.91,90.09,6.0,3007.8,16.99,0.306,24.72,40.0,7.0,4.59,2.58,0.6557142857142857,2.363534046145189,0.8845315904139432,5.0,7.25,4.08,1.45,0.794032439427545,0.19724137931034483,0.6331034482758621,0.23272823990956845,0.08047508047508047,6.108050958934944,-3.974086350429247
MA1_2,MA1,Control,95.55,4.45,8.0,3956.4,23.73,0.4875,22.02,39.0,14.0,21.2,12.55,1.514285714285714,4.97335701598579,0.9811320754716982,11.0,44.44,26.31,4.04,1.7088600842683093,0.15234023402340233,0.47704770477047703,0.3538570417551309,9.986516853932583,6.5427970326541605,1.9497343114510084
MA1_3,MA1,Control,74.22,25.78,16.0,6384.3,38.64,0.7448,8.95,21.0,19.0,36.85,21.75,1.9394736842105265,6.729634002361275,0.7720488466757124,6.0,15.98,9.43,2.6633333333333336,0.870861355930962,0.025031289111389233,2.3060075093867334,0.29760506241874596,0.6198603568657874,0.8132730554313848,0.19049325217102842
MA2_1,MA2,Control,66.6,33.4,14.0,7263.0,42.82,0.6835,0.0,0.0,15.0,27.51,16.0,1.8339999999999999,5.2356020942408374,0.410759723736823,19.0,22.66,13.18,1.1926315789473685,0.6657903269063051,0.4249779346866726,1.2140335392762578,0.20652622883106153,0.6784431137724551,-0.43596270232852835,-2.005701480663373
MA2_2,MA2,Control,75.4,24.6,23.0,7515.0,45.8,0.7676,2.24,7.0,24.0,39.36,23.41,1.64,8.561236623067778,0.6105182926829269,9.0,6.93,4.12,0.77,0.5740135679971538,0.25974025974025977,5.67965367965368,0.3193612774451098,0.2817073170731707,-2.4757169259512497,-0.20509769781116832
MA5_1,MA5,Grapefruit,96.91,3.09,6.0,2965.3,16.54,0.5532,23.98,50.0,12.0,15.77,8.79,1.3141666666666667,4.015616285554936,0.8306911857958147,16.0,73.07,40.75,4.566875,1.2766875488161376,0.07622827425756125,0.2158204461475298,0.40468080801268,23.64724919093851,8.792572422019736,2.718686440282878
MA5_2,MA5,Grapefruit,90.52,9.48,6.0,7033.9,39.56,0.8233,2.83,7.0,22.0,45.91,25.82,2.0868181818181815,7.424071991001124,0.6083641908081029,21.0,24.39,13.72,1.1614285714285717,0.9567561418432392,0.2816728167281672,1.8823288232882327,0.3127710089708412,2.5727848101265822,-0.7474323592255353,1.1351106533015964
MA5_3,MA5,Grapefruit,91.61,8.39,6.0,7882.0,44.77,0.7787,2.24,7.0,22.0,46.8,26.46,2.127272727272727,7.46184284906727,0.35491452991452993,13.0,12.12,6.85,0.9323076923076924,0.9871676904228595,0.45874587458745875,3.8613861386138613,0.2791169753869576,1.444576877234803,-2.2402372220399944,0.7672667761705376
MA6_1,MA6,Grapefruit,95.44,4.56,6.0,9518.6,56.46,0.7909,4.31,10.0,29.0,48.46,28.61,1.671034482758621,10.271546635182998,0.5994634750309533,11.0,9.97,5.89,0.9063636363636364,0.5508373625706801,0.49147442326980934,4.860581745235707,0.30466665265900444,2.1864035087719302,-3.3281106698987792,1.569676367597457
MA6_2,MA6,Grapefruit,58.08,41.92,32.0,8027.8,45.73,0.7983,2.12,6.0,22.0,42.61,24.18,1.9368181818181818,7.491486946651533,0.35789720722835017,13.0,11.3,6.41,0.8692307692307693,0.7839709079583383,0.5194690265486724,3.770796460176991,0.27404768429706766,0.2695610687022901,-2.783413211952874,-1.6526873611251243
MA6_3,MA6,Grapefruit,86.65,13.35,14.0,7256.8,40.92,0.7772,5.51,15.0,25.0,45.9,25.8,1.8359999999999999,8.431703204047217,0.3021786492374728,18.0,16.57,9.31,0.9205555555555553,0.607319538443462,0.10259505129752566,2.7700663850331924,0.3445044647778635,1.2411985018726592,-1.5283744669998012,1.0167227540709696
MA6_4,MA6,Grapefruit,93.05,6.95,10.0,6549.9,37.26,0.6804,3.74,10.0,23.0,31.7,17.96,1.3782608695652174,7.818696883852691,0.5022082018927444,14.0,16.92,9.59,1.2085714285714286,0.679148737025092,0.18085106382978722,1.8735224586288415,0.35115039924273656,2.4345323741007197,-0.24013439386215696,0.7025802914894191
MA6_5,MA6,Grapefruit,79.62,20.38,24.0,8003.3,45.52,0.7728,1.36,4.0,19.0,45.63,25.95,2.4015789473684213,6.484641638225256,0.5616918693841769,13.0,10.46,5.95,0.8046153846153845,0.6985512528539797,0.3279158699808795,4.362332695984703,0.23740207164544622,0.5132482826300295,-2.5550891217249334,-0.5248866169864681
