subject_id,cohort,group,bout,start_s,duration_s,median_x,median_y,zone
MA3_1,MA3,Aspartame,1,5.8,0.57,697.2,235.0,center
MA3_1,MA3,Aspartame,2,17.8,3.1,703.6,241.3,center
MA3_1,MA3,Aspartame,3,37.73,0.87,476.8,200.3,center
MA3_1,MA3,Aspartame,4,39.87,1.2,440.7,263.9,center
MA3_1,MA3,Aspartame,5,44.3,0.47,444.0,438.5,center
MA3_1,MA3,Aspartame,6,49.23,3.33,455.6,453.2,center
MA3_1,MA3,Aspartame,7,54.7,4.27,455.9,469.9,center
MA3_1,MA3,Aspartame,8,59.77,2.3,474.5,479.4,center
MA3_1,MA3,Aspartame,9,79.8,3.8,723.2,219.2,center
MA3_1,MA3,Aspartame,10,85.67,0.3,723.0,225.3,center
MA3_1,MA3,Aspartame,11,120.0,0.87,575.9,189.9,center
MA3_1,MA3,Aspartame,12,122.8,2.5,545.7,182.7,center
MA3_1,MA3,Aspartame,13,125.9,4.33,449.9,179.7,wall
MA3_1,MA3,Aspartame,14,131.53,10.67,462.3,200.1,center
MA3_1,MA3,Aspartame,15,149.63,2.93,462.1,207.4,center
MA3_1,MA3,Aspartame,16,156.1,1.3,711.4,176.9,wall
MA3_2,MA3,Aspartame,1,16.87,0.33,681.5,321.5,center
MA3_2,MA3,Aspartame,2,20.17,1.1,717.8,279.6,center
MA3_2,MA3,Aspartame,3,23.1,0.33,664.7,228.6,center
MA3_2,MA3,Aspartame,4,96.93,1.6,453.8,392.5,center
MA3_2,MA3,Aspartame,5,102.47,2.4,430.1,246.1,center
MA3_2,MA3,Aspartame,6,122.7,2.4,698.5,218.0,center
MA3_2,MA3,Aspartame,7,138.97,1.8,423.0,465.8,center
MA3_2,MA3,Aspartame,8,155.07,1.2,517.7,494.2,center
MA3_2,MA3,Aspartame,9,164.6,1.5,454.9,446.5,center
MA3_3,MA3,Aspartame,1,6.23,2.0,480.3,489.3,center
MA3_3,MA3,Aspartame,2,10.0,0.37,465.5,482.5,center
MA3_3,MA3,Aspartame,3,13.77,1.37,482.9,487.0,center
MA3_3,MA3,Aspartame,4,22.87,0.63,433.7,323.3,center
MA3_3,MA3,Aspartame,5,29.2,2.83,706.5,489.4,center
MA3_3,MA3,Aspartame,6,54.4,0.63,533.4,451.4,center
MA3_3,MA3,Aspartame,7,64.2,0.5,537.6,456.0,center
MA3_3,MA3,Aspartame,8,71.77,1.47,467.8,496.0,center
MA3_3,MA3,Aspartame,9,74.13,2.47,467.5,500.1,center
MA3_3,MA3,Aspartame,10,83.93,2.3,427.3,461.7,center
MA3_3,MA3,Aspartame,11,92.77,0.33,432.6,456.8,center
MA3_3,MA3,Aspartame,12,102.83,0.73,422.4,298.3,center
MA3_3,MA3,Aspartame,13,105.1,3.87,425.6,220.4,center
MA3_3,MA3,Aspartame,14,121.9,0.37,700.0,230.5,center
MA3_3,MA3,Aspartame,15,132.97,0.8,738.2,309.6,center
MA3_3,MA3,Aspartame,16,136.67,0.8,744.1,453.3,center
MA3_3,MA3,Aspartame,17,138.27,1.5,741.2,480.0,center
MA3_3,MA3,Aspartame,18,146.57,1.47,738.8,476.8,center
MA3_3,MA3,Aspartame,19,159.0,0.3,430.4,230.5,center
MA4_1,MA4,Aspartame,1,6.47,0.4,452.1,377.0,center
MA4_1,MA4,Aspartame,2,9.97,2.1,470.0,344.0,center
MA4_1,MA4,Aspartame,3,13.53,2.4,467.9,334.0,center
MA4_1,MA4,Aspartame,4,21.9,1.03,419.8,432.9,wall
MA4_1,MA4,Aspartame,5,24.93,5.6,629.3,504.2,center
MA4_1,MA4,Aspartame,6,39.8,1.33,550.3,480.9,center
MA4_1,MA4,Aspartame,7,44.0,0.87,512.6,498.6,center
MA4_1,MA4,Aspartame,8,49.13,3.33,432.2,376.6,center
MA4_1,MA4,Aspartame,9,54.43,1.7,415.9,250.7,wall
MA4_1,MA4,Aspartame,10,62.13,8.17,708.3,254.8,center
MA4_1,MA4,Aspartame,11,70.9,0.7,711.7,418.0,center
MA4_1,MA4,Aspartame,12,85.83,1.83,426.2,324.7,center
MA4_1,MA4,Aspartame,13,89.73,5.03,415.8,257.9,wall
MA4_1,MA4,Aspartame,14,129.63,0.37,695.0,497.4,center
MA4_1,MA4,Aspartame,15,131.33,0.6,694.4,496.4,center
MA4_1,MA4,Aspartame,16,134.27,7.9,697.1,499.7,center
MA4_1,MA4,Aspartame,17,146.97,1.27,684.4,496.6,center
MA4_1,MA4,Aspartame,18,150.93,0.97,583.6,497.3,center
MA4_1,MA4,Aspartame,19,158.07,2.1,439.5,248.6,center
MA4_1,MA4,Aspartame,20,163.17,4.87,440.7,245.0,center
MA4_2,MA4,Aspartame,1,60.3,0.43,695.7,445.2,center
MA4_2,MA4,Aspartame,2,70.6,2.03,521.3,500.3,center
MA4_2,MA4,Aspartame,3,82.3,0.43,529.2,497.6,center
MA4_2,MA4,Aspartame,4,94.53,0.73,523.1,480.3,center
MA4_2,MA4,Aspartame,5,143.2,0.3,643.9,486.4,center
MA4_2,MA4,Aspartame,6,146.07,0.33,658.0,483.0,center
MA4_2,MA4,Aspartame,7,151.6,3.43,716.1,463.3,center
MA4_2,MA4,Aspartame,8,162.6,1.6,706.3,472.1,center
MA4_3,MA4,Aspartame,1,8.07,0.53,456.0,247.0,center
MA4_3,MA4,Aspartame,2,9.8,0.73,442.8,268.9,center
MA4_3,MA4,Aspartame,3,17.9,4.37,658.6,198.0,center
MA4_3,MA4,Aspartame,4,42.67,1.33,483.2,222.6,center
MA4_3,MA4,Aspartame,5,65.93,0.93,427.4,240.9,center
MA4_3,MA4,Aspartame,6,72.57,7.33,477.7,216.8,center
MA4_3,MA4,Aspartame,7,80.67,3.77,485.8,212.1,center
MA4_3,MA4,Aspartame,8,93.5,5.17,692.6,201.4,center
MA4_3,MA4,Aspartame,9,101.57,1.93,743.1,452.1,center
MA4_3,MA4,Aspartame,10,104.1,3.57,711.5,486.2,center
MA4_3,MA4,Aspartame,11,120.0,0.6,462.2,450.0,center
MA4_3,MA4,Aspartame,12,124.47,1.93,550.5,476.4,center
MA4_3,MA4,Aspartame,13,132.0,1.7,506.7,437.5,center
MA4_3,MA4,Aspartame,14,147.43,0.97,465.1,456.1,center
MA4_3,MA4,Aspartame,15,153.1,1.5,428.8,245.8,center
MA4_3,MA4,Aspartame,16,155.53,4.03,479.3,201.4,center
MA4_4,MA4,Aspartame,1,6.97,0.47,499.7,511.6,wall
MA4_4,MA4,Aspartame,2,8.67,0.57,445.5,456.3,center
MA4_4,MA4,Aspartame,3,10.5,7.73,587.6,202.5,center
MA4_4,MA4,Aspartame,4,24.53,1.07,434.7,299.1,center
MA4_4,MA4,Aspartame,5,68.8,0.77,417.1,296.3,wall
MA4_4,MA4,Aspartame,6,71.37,0.3,437.5,249.7,center
MA4_4,MA4,Aspartame,7,86.67,1.27,462.3,239.4,center
MA4_4,MA4,Aspartame,8,89.13,0.93,464.3,239.6,center
MA4_4,MA4,Aspartame,9,98.7,2.27,429.8,270.4,center
MA4_4,MA4,Aspartame,10,106.13,0.7,443.3,455.9,center
MA4_4,MA4,Aspartame,11,111.8,5.87,697.6,480.1,center
MA4_4,MA4,Aspartame,12,121.8,1.57,753.8,237.5,wall
MA4_4,MA4,Aspartame,13,125.2,2.13,698.7,216.7,center
MA4_4,MA4,Aspartame,14,141.8,2.53,492.1,477.0,center
MA4_4,MA4,Aspartame,15,147.33,0.33,513.9,486.1,center
MA4_4,MA4,Aspartame,16,157.67,0.9,734.2,406.2,center
MA4_4,MA4,Aspartame,17,159.23,0.37,733.1,414.4,center
MA4_4,MA4,Aspartame,18,160.5,0.97,733.8,415.3,center
MA4_4,MA4,Aspartame,19,165.63,2.7,660.6,205.4,center
MA4_4,MA4,Aspartame,20,169.23,2.17,504.0,183.2,center
MA4_5,MA4,Aspartame,1,10.67,0.43,505.7,195.4,center
MA4_5,MA4,Aspartame,2,11.9,0.63,485.3,233.8,center
MA4_5,MA4,Aspartame,3,46.5,4.43,515.9,214.0,center
MA4_5,MA4,Aspartame,4,69.07,3.07,523.4,236.4,center
MA4_5,MA4,Aspartame,5,82.7,4.53,631.5,193.5,center
MA4_5,MA4,Aspartame,6,88.03,1.53,659.8,198.5,center
MA4_5,MA4,Aspartame,7,114.2,2.97,573.5,476.2,center
MA4_5,MA4,Aspartame,8,152.63,4.5,569.6,204.9,center
MA4_5,MA4,Aspartame,9,164.17,5.6,672.5,231.2,center
MA4_5,MA4,Aspartame,10,172.83,0.97,692.4,249.7,center
MA7_1,MA7,Aspartame+Grapefruit,1,1.0,0.93,630.4,262.5,center
MA7_1,MA7,Aspartame+Grapefruit,2,7.63,0.7,622.2,475.3,center
MA7_1,MA7,Aspartame+Grapefruit,3,11.63,1.27,674.1,500.6,center
MA7_1,MA7,Aspartame+Grapefruit,4,14.4,1.17,732.1,463.8,center
MA7_1,MA7,Aspartame+Grapefruit,5,25.87,1.07,463.3,356.6,center
MA7_1,MA7,Aspartame+Grapefruit,6,40.83,1.67,496.8,221.7,center
MA7_1,MA7,Aspartame+Grapefruit,7,51.83,1.0,586.7,452.6,center
MA7_1,MA7,Aspartame+Grapefruit,8,57.5,1.67,545.3,480.9,center
MA7_1,MA7,Aspartame+Grapefruit,9,78.4,0.53,470.5,332.2,center
MA7_1,MA7,Aspartame+Grapefruit,10,81.07,1.13,450.4,327.7,center
MA7_1,MA7,Aspartame+Grapefruit,11,85.17,2.67,423.3,220.4,center
MA7_1,MA7,Aspartame+Grapefruit,12,97.47,2.0,713.0,236.0,center
MA7_1,MA7,Aspartame+Grapefruit,13,100.13,1.47,692.9,227.8,center
MA7_1,MA7,Aspartame+Grapefruit,14,103.7,1.5,735.9,423.1,center
MA7_1,MA7,Aspartame+Grapefruit,15,106.27,1.97,720.7,483.7,center
MA7_1,MA7,Aspartame+Grapefruit,16,116.03,5.97,456.9,224.5,center
MA7_1,MA7,Aspartame+Grapefruit,17,130.57,2.63,569.0,214.4,center
MA7_1,MA7,Aspartame+Grapefruit,18,136.53,2.03,724.1,212.4,center
MA7_1,MA7,Aspartame+Grapefruit,19,145.87,1.47,564.0,485.4,center
MA7_1,MA7,Aspartame+Grapefruit,20,147.97,1.33,568.0,469.9,center
MA7_1,MA7,Aspartame+Grapefruit,21,150.57,3.1,459.3,495.4,center
MA7_1,MA7,Aspartame+Grapefruit,22,155.87,0.63,436.7,424.9,center
MA7_1,MA7,Aspartame+Grapefruit,23,167.6,0.3,428.2,425.2,center
MA7_2,MA7,Aspartame+Grapefruit,1,7.37,1.13,424.4,464.7,center
MA7_2,MA7,Aspartame+Grapefruit,2,14.73,1.3,672.3,514.7,wall
MA7_2,MA7,Aspartame+Grapefruit,3,19.2,0.37,738.4,248.6,center
MA7_2,MA7,Aspartame+Grapefruit,4,42.3,0.5,434.1,456.4,center
MA7_2,MA7,Aspartame+Grapefruit,5,50.0,1.77,454.3,332.4,center
MA7_2,MA7,Aspartame+Grapefruit,6,61.43,1.67,722.1,240.6,center
MA7_2,MA7,Aspartame+Grapefruit,7,67.27,1.17,489.2,417.1,center
MA7_2,MA7,Aspartame+Grapefruit,8,74.47,1.07,466.1,480.0,center
MA7_2,MA7,Aspartame+Grapefruit,9,76.3,0.93,448.4,460.9,center
MA7_2,MA7,Aspartame+Grapefruit,10,86.6,2.0,457.4,204.3,center
MA7_2,MA7,Aspartame+Grapefruit,11,89.53,0.77,528.8,192.7,center
MA7_2,MA7,Aspartame+Grapefruit,12,100.3,4.77,696.6,490.8,center
MA7_2,MA7,Aspartame+Grapefruit,13,119.27,2.23,716.6,454.2,center
MA7_2,MA7,Aspartame+Grapefruit,14,123.13,1.67,709.6,477.4,center
MA7_2,MA7,Aspartame+Grapefruit,15,131.67,0.8,705.8,214.7,center
MA7_2,MA7,Aspartame+Grapefruit,16,135.3,2.7,715.6,208.8,center
MA7_2,MA7,Aspartame+Grapefruit,17,161.37,2.07,422.3,321.8,center
MA7_2,MA7,Aspartame+Grapefruit,18,172.57,0.5,680.2,446.5,center
MA7_2,MA7,Aspartame+Grapefruit,19,173.67,3.33,721.1,463.9,center
MA7_3,MA7,Aspartame+Grapefruit,1,12.13,0.63,735.1,413.7,center
MA7_3,MA7,Aspartame+Grapefruit,2,25.0,0.97,419.3,288.2,wall
MA7_3,MA7,Aspartame+Grapefruit,3,32.07,0.3,648.7,204.6,center
MA7_3,MA7,Aspartame+Grapefruit,4,40.37,0.3,702.5,383.7,center
MA7_3,MA7,Aspartame+Grapefruit,5,43.4,0.63,719.4,442.9,center
MA7_3,MA7,Aspartame+Grapefruit,6,61.5,1.43,458.4,278.4,center
MA7_3,MA7,Aspartame+Grapefruit,7,71.97,2.8,727.9,236.7,center
MA7_3,MA7,Aspartame+Grapefruit,8,78.5,0.53,694.6,226.5,center
MA7_3,MA7,Aspartame+Grapefruit,9,88.27,1.67,718.0,461.9,center
MA7_3,MA7,Aspartame+Grapefruit,10,96.87,0.33,587.2,491.2,center
MA7_3,MA7,Aspartame+Grapefruit,11,99.73,0.37,465.4,482.1,center
MA7_3,MA7,Aspartame+Grapefruit,12,100.77,1.7,488.0,478.9,center
MA7_3,MA7,Aspartame+Grapefruit,13,115.43,0.43,423.9,251.1,center
MA7_3,MA7,Aspartame+Grapefruit,14,136.1,0.63,682.1,246.1,center
MA7_3,MA7,Aspartame+Grapefruit,15,155.13,3.7,556.4,203.5,center
MA8_1,MA8,Aspartame+Grapefruit,1,0.87,1.27,437.2,281.5,center
MA8_1,MA8,Aspartame+Grapefruit,2,3.17,0.4,426.6,320.6,center
MA8_1,MA8,Aspartame+Grapefruit,3,12.3,0.63,446.7,493.1,center
MA8_1,MA8,Aspartame+Grapefruit,4,14.93,0.3,446.7,501.4,center
MA8_1,MA8,Aspartame+Grapefruit,5,25.5,0.43,434.3,491.5,center
MA8_1,MA8,Aspartame+Grapefruit,6,32.3,1.83,435.2,492.4,center
MA8_1,MA8,Aspartame+Grapefruit,7,34.87,0.73,434.0,491.2,center
MA8_1,MA8,Aspartame+Grapefruit,8,36.33,0.5,433.7,486.6,center
MA8_1,MA8,Aspartame+Grapefruit,9,38.3,1.37,435.3,484.1,center
MA8_1,MA8,Aspartame+Grapefruit,10,42.03,3.9,439.4,490.1,center
MA8_1,MA8,Aspartame+Grapefruit,11,46.67,0.3,441.8,486.8,center
MA8_1,MA8,Aspartame+Grapefruit,12,49.4,0.4,442.7,488.2,center
MA8_1,MA8,Aspartame+Grapefruit,13,57.57,0.43,434.9,488.2,center
MA8_1,MA8,Aspartame+Grapefruit,14,61.03,0.67,434.7,486.0,center
MA8_1,MA8,Aspartame+Grapefruit,15,62.3,1.47,435.4,485.8,center
MA8_1,MA8,Aspartame+Grapefruit,16,64.63,2.1,437.4,487.8,center
MA8_1,MA8,Aspartame+Grapefruit,17,76.47,3.97,437.8,488.7,center
MA8_1,MA8,Aspartame+Grapefruit,18,81.17,4.03,437.6,489.4,center
MA8_1,MA8,Aspartame+Grapefruit,19,87.5,0.87,436.0,486.9,center
MA8_1,MA8,Aspartame+Grapefruit,20,89.9,2.6,436.4,489.1,center
MA8_1,MA8,Aspartame+Grapefruit,21,96.47,2.63,436.4,493.9,center
MA8_1,MA8,Aspartame+Grapefruit,22,101.0,0.37,436.9,495.4,center
MA8_1,MA8,Aspartame+Grapefruit,23,102.07,2.9,436.7,494.7,center
MA8_1,MA8,Aspartame+Grapefruit,24,123.13,1.83,436.1,493.3,center
MA8_1,MA8,Aspartame+Grapefruit,25,129.97,2.27,437.8,496.8,center
MA8_1,MA8,Aspartame+Grapefruit,26,132.87,4.93,437.3,494.8,center
MA8_1,MA8,Aspartame+Grapefruit,27,138.53,1.73,436.9,493.9,center
MA8_1,MA8,Aspartame+Grapefruit,28,140.87,4.1,436.7,493.7,center
MA8_1,MA8,Aspartame+Grapefruit,29,145.57,4.4,436.5,493.6,center
MA8_1,MA8,Aspartame+Grapefruit,30,156.73,1.77,437.0,494.1,center
MA8_1,MA8,Aspartame+Grapefruit,31,160.8,8.07,436.6,494.2,center
MA8_1,MA8,Aspartame+Grapefruit,32,172.37,4.77,436.5,494.0,center
MA8_1,MA8,Aspartame+Grapefruit,33,177.87,0.93,436.5,493.6,center
MA8_2,MA8,Aspartame+Grapefruit,1,3.43,1.07,701.3,232.6,center
MA8_2,MA8,Aspartame+Grapefruit,2,17.8,0.57,440.2,447.2,center
MA8_2,MA8,Aspartame+Grapefruit,3,27.03,0.57,699.4,514.0,wall
MA8_2,MA8,Aspartame+Grapefruit,4,42.6,0.4,717.4,242.2,center
MA8_2,MA8,Aspartame+Grapefruit,5,58.03,1.5,486.3,196.1,center
MA8_2,MA8,Aspartame+Grapefruit,6,74.97,0.3,455.5,311.7,center
MA8_2,MA8,Aspartame+Grapefruit,7,81.67,0.5,435.3,231.2,center
MA8_2,MA8,Aspartame+Grapefruit,8,82.97,0.63,452.3,241.2,center
MA8_2,MA8,Aspartame+Grapefruit,9,84.4,0.8,454.0,248.5,center
MA8_2,MA8,Aspartame+Grapefruit,10,86.93,4.0,681.4,189.0,center
MA8_2,MA8,Aspartame+Grapefruit,11,91.53,1.03,736.9,312.3,center
MA8_2,MA8,Aspartame+Grapefruit,12,93.2,1.53,736.0,319.2,center
MA8_2,MA8,Aspartame+Grapefruit,13,103.13,0.37,481.0,247.7,center
MA8_2,MA8,Aspartame+Grapefruit,14,110.77,3.23,418.7,451.1,wall
MA8_2,MA8,Aspartame+Grapefruit,15,127.0,3.17,726.5,248.1,center
MA8_2,MA8,Aspartame+Grapefruit,16,133.17,1.27,716.1,236.2,center
MA8_2,MA8,Aspartame+Grapefruit,17,136.07,2.8,612.2,200.8,center
MA8_2,MA8,Aspartame+Grapefruit,18,149.33,1.5,465.9,328.7,center
MA8_2,MA8,Aspartame+Grapefruit,19,155.7,2.1,461.6,331.7,center
MA8_2,MA8,Aspartame+Grapefruit,20,158.33,1.67,461.4,331.6,center
MA8_2,MA8,Aspartame+Grapefruit,21,162.3,0.47,445.3,335.9,center
MA8_3,MA8,Aspartame+Grapefruit,1,0.87,1.23,519.0,378.0,center
MA8_3,MA8,Aspartame+Grapefruit,2,20.27,4.07,477.8,233.4,center
MA8_3,MA8,Aspartame+Grapefruit,3,32.03,0.33,507.1,218.8,center
MA8_3,MA8,Aspartame+Grapefruit,4,46.3,3.13,607.5,195.5,center
MA8_3,MA8,Aspartame+Grapefruit,5,50.07,4.6,680.1,211.8,center
MA8_3,MA8,Aspartame+Grapefruit,6,56.3,0.3,682.6,211.0,center
MA8_3,MA8,Aspartame+Grapefruit,7,68.57,1.83,692.4,207.0,center
MA8_3,MA8,Aspartame+Grapefruit,8,71.17,4.57,695.4,211.6,center
MA8_3,MA8,Aspartame+Grapefruit,9,78.6,0.43,541.7,200.1,center
MA8_3,MA8,Aspartame+Grapefruit,10,80.17,0.7,496.3,186.6,center
MA8_3,MA8,Aspartame+Grapefruit,11,88.9,1.07,425.6,438.9,center
MA8_3,MA8,Aspartame+Grapefruit,12,90.57,0.8,479.5,473.9,center
MA8_3,MA8,Aspartame+Grapefruit,13,95.27,2.57,431.9,307.8,center
MA8_3,MA8,Aspartame+Grapefruit,14,99.73,0.37,480.0,249.6,center
MA8_3,MA8,Aspartame+Grapefruit,15,100.77,0.3,477.2,252.0,center
MA8_3,MA8,Aspartame+Grapefruit,16,105.03,0.5,464.1,260.7,center
MA8_3,MA8,Aspartame+Grapefruit,17,137.8,0.7,441.9,277.9,center
MA8_3,MA8,Aspartame+Grapefruit,18,139.1,3.97,452.5,273.5,center
MA8_3,MA8,Aspartame+Grapefruit,19,145.53,2.37,449.4,275.9,center
MA8_3,MA8,Aspartame+Grapefruit,20,154.8,0.7,450.4,276.3,center
MA8_3,MA8,Aspartame+Grapefruit,21,158.87,4.87,437.8,275.2,center
MA8_3,MA8,Aspartame+Grapefruit,22,170.2,3.83,441.9,283.5,center
MA8_3,MA8,Aspartame+Grapefruit,23,174.9,0.9,563.8,202.3,center
MA8_4,MA8,Aspartame+Grapefruit,1,11.9,1.87,747.7,455.0,center
MA8_4,MA8,Aspartame+Grapefruit,2,17.37,0.53,445.2,449.6,center
MA8_4,MA8,Aspartame+Grapefruit,3,21.67,0.6,431.2,241.0,center
MA8_4,MA8,Aspartame+Grapefruit,4,25.3,0.6,500.2,211.5,center
MA8_4,MA8,Aspartame+Grapefruit,5,41.53,0.7,496.2,238.7,center
MA8_4,MA8,Aspartame+Grapefruit,6,62.2,0.77,525.6,212.9,center
MA8_4,MA8,Aspartame+Grapefruit,7,68.03,3.53,527.6,216.2,center
MA8_4,MA8,Aspartame+Grapefruit,8,73.97,1.33,529.9,215.0,center
MA8_4,MA8,Aspartame+Grapefruit,9,76.87,1.5,536.7,212.1,center
MA8_4,MA8,Aspartame+Grapefruit,10,84.53,4.73,490.0,199.5,center
MA8_4,MA8,Aspartame+Grapefruit,11,89.9,1.23,477.8,213.7,center
MA8_4,MA8,Aspartame+Grapefruit,12,108.37,2.8,437.0,423.2,center
MA8_4,MA8,Aspartame+Grapefruit,13,116.0,3.17,695.8,203.6,center
MA8_4,MA8,Aspartame+Grapefruit,14,124.13,2.7,708.0,329.2,center
MA8_4,MA8,Aspartame+Grapefruit,15,131.6,0.47,523.7,193.1,center
MA8_4,MA8,Aspartame+Grapefruit,16,132.6,2.87,493.0,189.8,center
MA8_4,MA8,Aspartame+Grapefruit,17,139.03,2.67,492.4,188.9,center
MA8_4,MA8,Aspartame+Grapefruit,18,151.83,2.8,487.5,188.8,center
MA8_4,MA8,Aspartame+Grapefruit,19,155.63,0.4,450.8,298.8,center
MA8_4,MA8,Aspartame+Grapefruit,20,158.27,0.63,440.6,353.5,center
MA8_5,MA8,Aspartame+Grapefruit,1,11.7,0.33,718.5,387.1,center
MA8_5,MA8,Aspartame+Grapefruit,2,12.7,0.83,730.8,424.5,center
MA8_5,MA8,Aspartame+Grapefruit,3,14.47,0.87,714.5,416.2,center
MA8_5,MA8,Aspartame+Grapefruit,4,26.0,2.4,450.4,409.6,center
MA8_5,MA8,Aspartame+Grapefruit,5,30.67,2.27,463.3,228.7,center
MA8_5,MA8,Aspartame+Grapefruit,6,40.43,0.6,437.6,283.7,center
MA8_5,MA8,Aspartame+Grapefruit,7,42.77,0.9,439.6,275.0,center
MA8_5,MA8,Aspartame+Grapefruit,8,52.37,7.2,435.9,430.0,center
MA8_5,MA8,Aspartame+Grapefruit,9,106.83,0.87,484.3,439.3,center
MA8_5,MA8,Aspartame+Grapefruit,10,108.77,1.3,431.6,378.0,center
MA8_5,MA8,Aspartame+Grapefruit,11,111.97,0.37,435.6,397.7,center
MA8_5,MA8,Aspartame+Grapefruit,12,118.47,2.17,437.9,418.6,center
MA8_5,MA8,Aspartame+Grapefruit,13,144.17,1.43,469.0,331.2,center
MA8_5,MA8,Aspartame+Grapefruit,14,150.33,4.13,464.1,327.8,center
MA8_5,MA8,Aspartame+Grapefruit,15,168.5,1.6,618.8,207.6,center
MA1_1,MA1,Control,1,2.5,0.7,654.5,460.5,center
MA1_1,MA1,Control,2,5.97,0.43,468.7,498.0,center
MA1_1,MA1,Control,3,12.73,0.83,699.4,181.3,wall
MA1_1,MA1,Control,4,15.3,0.3,705.1,213.9,center
MA1_1,MA1,Control,5,21.97,1.23,693.4,231.7,center
MA1_1,MA1,Control,6,24.4,0.57,705.1,242.7,center
MA1_1,MA1,Control,7,144.13,0.53,645.6,291.7,center
MA1_2,MA1,Control,1,1.23,1.83,458.5,453.4,center
MA1_2,MA1,Control,2,5.93,1.33,446.2,394.2,center
MA1_2,MA1,Control,3,10.8,1.57,534.3,230.6,center
MA1_2,MA1,Control,4,14.77,0.4,701.0,232.6,center
MA1_2,MA1,Control,5,17.17,0.37,737.0,348.3,center
MA1_2,MA1,Control,6,23.2,1.2,733.2,358.2,center
MA1_2,MA1,Control,7,25.9,0.8,720.0,329.3,center
MA1_2,MA1,Control,8,29.27,2.27,458.6,424.5,center
MA1_2,MA1,Control,9,33.77,0.93,544.8,487.6,center
MA1_2,MA1,Control,10,40.23,3.67,515.4,508.4,wall
MA1_2,MA1,Control,11,52.37,0.43,514.2,487.6,center
MA1_2,MA1,Control,12,59.7,4.17,412.7,212.3,wall
MA1_2,MA1,Control,13,67.0,1.83,433.9,212.5,center
MA1_2,MA1,Control,14,130.2,0.4,448.3,205.5,center
MA1_3,MA1,Control,1,6.4,0.77,647.8,225.0,center
MA1_3,MA1,Control,2,9.1,1.37,709.9,216.5,center
MA1_3,MA1,Control,3,11.4,0.8,713.6,217.9,center
MA1_3,MA1,Control,4,17.97,0.37,479.0,435.5,center
MA1_3,MA1,Control,5,19.93,1.5,413.9,277.4,wall
MA1_3,MA1,Control,6,24.2,0.5,490.6,246.0,center
MA1_3,MA1,Control,7,26.17,1.47,527.6,225.4,center
MA1_3,MA1,Control,8,33.13,0.93,691.9,353.9,center
MA1_3,MA1,Control,9,39.67,1.37,720.8,374.3,center
MA1_3,MA1,Control,10,41.67,0.6,701.7,367.7,center
MA1_3,MA1,Control,11,51.3,3.3,694.7,235.8,center
MA1_3,MA1,Control,12,60.0,0.97,699.9,236.7,center
MA1_3,MA1,Control,13,71.7,2.77,446.5,505.1,center
MA1_3,MA1,Control,14,75.43,8.0,426.9,427.7,center
MA1_3,MA1,Control,15,87.77,3.73,443.9,482.3,center
MA1_3,MA1,Control,16,118.7,2.8,697.4,507.3,wall
MA1_3,MA1,Control,17,128.27,3.03,521.6,220.2,center
MA1_3,MA1,Control,18,136.97,2.17,466.7,193.9,center
MA1_3,MA1,Control,19,143.87,0.4,429.0,353.6,center
MA2_1,MA2,Control,1,1.27,0.57,687.2,413.3,center
MA2_1,MA2,Control,2,6.9,0.63,632.1,493.6,center
MA2_1,MA2,Control,3,15.47,0.93,601.4,497.8,center
MA2_1,MA2,Control,4,16.93,1.53,597.2,496.9,center
MA2_1,MA2,Control,5,21.2,1.4,529.2,497.0,center
MA2_1,MA2,Control,6,23.23,1.57,557.5,492.7,center
MA2_1,MA2,Control,7,41.33,3.27,622.3,337.6,center
MA2_1,MA2,Control,8,68.47,0.43,641.0,494.2,center
MA2_1,MA2,Control,9,77.47,0.97,645.8,494.5,center
MA2_1,MA2,Control,10,94.4,0.97,647.8,489.6,center
MA2_1,MA2,Control,11,102.3,4.9,717.4,298.1,center
MA2_1,MA2,Control,12,147.87,1.0,629.5,509.8,wall
MA2_1,MA2,Control,13,154.33,0.77,612.1,516.7,wall
MA2_1,MA2,Control,14,161.7,2.4,621.0,502.8,center
MA2_1,MA2,Control,15,165.7,6.17,662.4,490.5,center
MA2_2,MA2,Control,1,7.13,1.23,434.0,469.6,center
MA2_2,MA2,Control,2,11.33,1.83,700.2,497.3,center
MA2_2,MA2,Control,3,18.1,3.3,470.3,191.6,center
MA2_2,MA2,Control,4,23.87,1.47,424.2,462.9,center
MA2_2,MA2,Control,5,29.33,2.8,701.9,470.4,center
MA2_2,MA2,Control,6,36.97,3.77,444.2,432.7,center
MA2_2,MA2,Control,7,41.37,2.13,698.9,187.0,center
MA2_2,MA2,Control,8,64.37,0.57,423.4,234.9,center
MA2_2,MA2,Control,9,73.2,4.93,685.1,184.2,center
MA2_2,MA2,Control,10,79.47,0.5,738.0,438.0,center
MA2_2,MA2,Control,11,81.13,0.73,694.2,425.6,center
MA2_2,MA2,Control,12,88.33,0.77,617.1,214.6,center
MA2_2,MA2,Control,13,98.7,0.33,726.8,458.7,center
MA2_2,MA2,Control,14,105.83,3.87,463.7,207.6,center
MA2_2,MA2,Control,15,117.83,0.3,693.4,189.6,center
MA2_2,MA2,Control,16,118.93,0.4,,,unknown
MA2_2,MA2,Control,17,120.87,3.47,692.3,194.2,center
MA2_2,MA2,Control,18,126.47,0.53,724.8,249.7,center
MA2_2,MA2,Control,19,129.43,0.67,725.5,268.9,center
MA2_2,MA2,Control,20,137.47,0.4,698.5,234.8,center
MA2_2,MA2,Control,21,148.13,2.93,687.0,232.8,center
MA2_2,MA2,Control,22,157.93,1.53,701.9,235.0,center
MA2_2,MA2,Control,23,161.9,0.37,702.0,234.7,center
MA2_2,MA2,Control,24,162.8,0.53,701.3,233.8,center
MA5_1,MA5,Grapefruit,1,4.27,0.63,472.4,262.4,center
MA5_1,MA5,Grapefruit,2,13.9,0.8,412.3,461.8,wall
MA5_1,MA5,Grapefruit,3,24.67,1.17,586.0,480.4,center
MA5_1,MA5,Grapefruit,4,40.17,1.3,750.5,249.7,wall
MA5_1,MA5,Grapefruit,5,42.3,1.23,740.1,278.8,center
MA5_1,MA5,Grapefruit,6,47.7,0.4,733.8,252.6,center
MA5_1,MA5,Grapefruit,7,61.07,0.8,488.9,200.9,center
MA5_1,MA5,Grapefruit,8,73.97,3.43,471.6,208.9,center
MA5_1,MA5,Grapefruit,9,81.97,1.37,480.3,191.5,center
MA5_1,MA5,Grapefruit,10,84.87,1.97,476.0,196.4,center
MA5_1,MA5,Grapefruit,11,103.8,2.2,426.2,358.8,center
MA5_1,MA5,Grapefruit,12,128.7,0.47,421.5,432.5,wall
MA5_2,MA5,Grapefruit,1,3.3,1.4,708.6,394.8,center
MA5_2,MA5,Grapefruit,2,6.3,3.83,742.9,228.9,center
MA5_2,MA5,Grapefruit,3,17.5,1.33,456.3,186.8,center
MA5_2,MA5,Grapefruit,4,21.63,2.77,415.4,440.7,wall
MA5_2,MA5,Grapefruit,5,28.4,1.63,670.3,508.3,wall
MA5_2,MA5,Grapefruit,6,33.2,0.6,738.2,359.7,center
MA5_2,MA5,Grapefruit,7,35.3,2.1,728.8,231.2,center
MA5_2,MA5,Grapefruit,8,47.67,0.37,469.5,190.4,center
MA5_2,MA5,Grapefruit,9,51.83,3.4,433.7,468.4,center
MA5_2,MA5,Grapefruit,10,55.8,0.5,430.5,463.6,center
MA5_2,MA5,Grapefruit,11,62.53,1.97,437.1,382.9,center
MA5_2,MA5,Grapefruit,12,70.63,1.0,483.0,222.8,center
MA5_2,MA5,Grapefruit,13,72.23,3.8,433.3,204.9,center
MA5_2,MA5,Grapefruit,14,81.77,3.23,712.7,179.2,wall
MA5_2,MA5,Grapefruit,15,92.33,0.7,734.0,338.7,center
MA5_2,MA5,Grapefruit,16,105.17,4.27,442.1,429.9,center
MA5_2,MA5,Grapefruit,17,133.07,1.47,417.5,266.7,wall
MA5_2,MA5,Grapefruit,18,139.77,5.53,427.7,215.2,center
MA5_2,MA5,Grapefruit,19,162.9,2.8,727.4,365.0,center
MA5_2,MA5,Grapefruit,20,167.93,1.37,752.7,470.2,wall
MA5_2,MA5,Grapefruit,21,174.17,1.27,461.7,525.3,wall
MA5_2,MA5,Grapefruit,22,176.2,0.57,467.3,510.9,wall
MA5_3,MA5,Grapefruit,1,4.03,0.4,553.3,353.5,center
MA5_3,MA5,Grapefruit,2,5.9,1.2,488.6,237.8,center
MA5_3,MA5,Grapefruit,3,8.57,3.07,444.6,232.6,center
MA5_3,MA5,Grapefruit,4,14.03,0.83,411.2,479.0,wall
MA5_3,MA5,Grapefruit,5,19.23,0.83,706.3,528.1,wall
MA5_3,MA5,Grapefruit,6,26.8,4.57,749.1,224.9,wall
MA5_3,MA5,Grapefruit,7,43.8,3.67,577.3,203.2,center
MA5_3,MA5,Grapefruit,8,56.37,0.47,493.5,191.8,center
MA5_3,MA5,Grapefruit,9,57.47,0.47,490.0,187.9,center
MA5_3,MA5,Grapefruit,10,83.8,1.1,750.8,234.6,wall
MA5_3,MA5,Grapefruit,11,92.93,0.77,461.2,188.6,center
MA5_3,MA5,Grapefruit,12,98.77,3.3,418.2,459.6,wall
MA5_3,MA5,Grapefruit,13,105.57,0.47,466.5,518.9,wall
MA5_3,MA5,Grapefruit,14,109.13,2.4,679.0,500.1,center
MA5_3,MA5,Grapefruit,15,116.6,1.0,733.4,216.2,center
MA5_3,MA5,Grapefruit,16,124.0,1.67,714.2,209.4,center
MA5_3,MA5,Grapefruit,17,126.7,4.17,723.3,212.7,center
MA5_3,MA5,Grapefruit,18,133.1,2.37,462.7,186.1,center
MA5_3,MA5,Grapefruit,19,140.3,6.87,419.8,468.2,wall
MA5_3,MA5,Grapefruit,20,148.4,0.87,435.5,482.4,center
MA5_3,MA5,Grapefruit,21,159.77,3.2,463.1,505.0,center
MA5_3,MA5,Grapefruit,22,172.7,3.1,689.0,184.9,center
MA6_1,MA6,Grapefruit,1,1.0,6.1,711.0,204.5,center
MA6_1,MA6,Grapefruit,2,8.2,3.17,446.8,196.9,center
MA6_1,MA6,Grapefruit,3,11.93,0.7,424.9,469.4,center
MA6_1,MA6,Grapefruit,4,13.43,0.8,423.5,476.0,center
MA6_1,MA6,Grapefruit,5,15.33,1.0,694.8,504.5,center
MA6_1,MA6,Grapefruit,6,18.43,0.8,696.5,499.8,center
MA6_1,MA6,Grapefruit,7,23.53,0.97,742.5,226.1,center
MA6_1,MA6,Grapefruit,8,25.23,2.5,740.1,223.0,center
MA6_1,MA6,Grapefruit,9,31.53,3.07,447.1,501.1,center
MA6_1,MA6,Grapefruit,10,38.5,1.7,430.1,287.8,center
MA6_1,MA6,Grapefruit,11,41.87,3.6,464.1,205.1,center
MA6_1,MA6,Grapefruit,12,56.83,0.47,746.0,443.1,center
MA6_1,MA6,Grapefruit,13,61.8,1.47,745.6,442.8,center
MA6_1,MA6,Grapefruit,14,63.9,0.47,745.3,443.6,center
MA6_1,MA6,Grapefruit,15,72.57,0.6,745.4,444.5,center
MA6_1,MA6,Grapefruit,16,83.37,1.03,454.4,491.2,center
MA6_1,MA6,Grapefruit,17,89.03,0.6,643.1,510.0,wall
MA6_1,MA6,Grapefruit,18,91.27,0.87,712.3,513.3,wall
MA6_1,MA6,Grapefruit,19,97.23,0.33,749.4,238.2,wall
MA6_1,MA6,Grapefruit,20,100.57,1.3,463.4,181.0,wall
MA6_1,MA6,Grapefruit,21,105.47,1.67,724.2,445.2,center
MA6_1,MA6,Grapefruit,22,119.33,0.3,436.3,303.4,center
MA6_1,MA6,Grapefruit,23,129.07,0.9,544.4,505.9,center
MA6_1,MA6,Grapefruit,24,138.13,2.17,625.0,473.9,center
MA6_1,MA6,Grapefruit,25,140.87,1.1,722.8,229.8,center
MA6_1,MA6,Grapefruit,26,146.57,1.17,710.0,200.9,center
MA6_1,MA6,Grapefruit,27,148.67,5.93,725.1,188.2,center
MA6_1,MA6,Grapefruit,28,159.83,0.5,734.6,382.3,center
MA6_1,MA6,Grapefruit,29,165.53,3.17,739.7,486.3,center
MA6_2,MA6,Grapefruit,1,4.0,3.37,628.1,203.6,center
MA6_2,MA6,Grapefruit,2,12.7,0.43,696.5,467.4,center
MA6_2,MA6,Grapefruit,3,14.0,0.8,577.4,482.2,center
MA6_2,MA6,Grapefruit,4,21.13,4.27,495.6,196.0,center
MA6_2,MA6,Grapefruit,5,34.43,1.57,466.3,253.9,center
MA6_2,MA6,Grapefruit,6,44.23,1.57,698.3,345.3,center
MA6_2,MA6,Grapefruit,7,57.23,0.47,494.7,368.4,center
MA6_2,MA6,Grapefruit,8,64.9,0.93,692.9,194.7,center
MA6_2,MA6,Grapefruit,9,66.5,0.37,724.1,255.4,center
MA6_2,MA6,Grapefruit,10,85.67,1.47,466.9,245.2,center
MA6_2,MA6,Grapefruit,11,99.8,2.07,441.1,448.9,center
MA6_2,MA6,Grapefruit,12,108.73,2.63,688.3,502.8,center
MA6_2,MA6,Grapefruit,13,126.2,1.13,483.4,212.8,center
MA6_2,MA6,Grapefruit,14,130.27,0.93,435.5,360.0,center
MA6_2,MA6,Grapefruit,15,132.6,0.33,464.2,372.9,center
MA6_2,MA6,Grapefruit,16,133.9,1.07,465.1,362.9,center
MA6_2,MA6,Grapefruit,17,139.77,5.4,685.1,501.8,center
MA6_2,MA6,Grapefruit,18,146.47,7.03,752.1,256.1,wall
MA6_2,MA6,Grapefruit,19,154.83,1.3,687.1,236.1,center
MA6_2,MA6,Grapefruit,20,158.1,0.5,688.3,235.9,center
MA6_2,MA6,Grapefruit,21,163.43,3.17,689.8,233.9,center
MA6_2,MA6,Grapefruit,22,173.8,1.8,713.9,275.7,center
MA6_3,MA6,Grapefruit,1,4.03,0.8,696.4,332.2,center
MA6_3,MA6,Grapefruit,2,11.07,0.63,425.7,348.4,center
MA6_3,MA6,Grapefruit,3,33.07,0.47,466.7,476.8,center
MA6_3,MA6,Grapefruit,4,40.43,1.8,499.2,306.4,center
MA6_3,MA6,Grapefruit,5,44.67,3.1,646.0,201.8,center
MA6_3,MA6,Grapefruit,6,57.67,0.47,701.2,486.5,center
MA6_3,MA6,Grapefruit,7,59.5,0.7,714.2,486.2,center
MA6_3,MA6,Grapefruit,8,64.6,1.0,483.4,512.1,wall
MA6_3,MA6,Grapefruit,9,78.37,2.4,429.4,243.4,center
MA6_3,MA6,Grapefruit,10,83.03,2.5,549.1,205.2,center
MA6_3,MA6,Grapefruit,11,104.17,1.7,700.8,195.2,center
MA6_3,MA6,Grapefruit,12,106.4,0.6,711.7,198.1,center
MA6_3,MA6,Grapefruit,13,110.77,5.37,463.1,186.8,center
MA6_3,MA6,Grapefruit,14,117.53,1.5,431.8,265.5,center
MA6_3,MA6,Grapefruit,15,120.47,0.3,457.0,252.1,center
MA6_3,MA6,Grapefruit,16,125.2,1.1,705.3,218.3,center
MA6_3,MA6,Grapefruit,17,128.13,3.1,746.5,454.6,center
MA6_3,MA6,Grapefruit,18,135.63,0.9,707.3,480.1,center
MA6_3,MA6,Grapefruit,19,138.8,0.33,606.2,426.5,center
MA6_3,MA6,Grapefruit,20,141.13,3.47,524.9,468.6,center
MA6_3,MA6,Grapefruit,21,147.13,0.57,424.7,317.8,center
MA6_3,MA6,Grapefruit,22,156.3,3.9,672.4,186.7,center
MA6_3,MA6,Grapefruit,23,161.6,1.33,680.0,186.8,center
MA6_3,MA6,Grapefruit,24,163.97,4.43,693.1,189.2,center
MA6_3,MA6,Grapefruit,25,173.87,3.43,728.3,210.6,center
MA6_4,MA6,Grapefruit,1,1.23,3.17,736.6,463.0,center
MA6_4,MA6,Grapefruit,2,8.53,1.83,430.8,316.9,center
MA6_4,MA6,Grapefruit,3,11.07,0.53,448.0,327.0,center
MA6_4,MA6,Grapefruit,4,14.0,0.83,471.9,466.0,center
MA6_4,MA6,Grapefruit,5,19.2,0.9,731.6,434.2,center
MA6_4,MA6,Grapefruit,6,25.03,0.4,727.7,235.3,center
MA6_4,MA6,Grapefruit,7,26.4,3.63,667.4,215.4,center
MA6_4,MA6,Grapefruit,8,43.97,1.23,601.8,223.9,center
MA6_4,MA6,Grapefruit,9,45.77,1.47,619.2,219.2,center
MA6_4,MA6,Grapefruit,10,64.9,1.03,720.2,208.7,center
MA6_4,MA6,Grapefruit,11,66.6,0.9,725.7,225.6,center
MA6_4,MA6,Grapefruit,12,92.7,0.8,431.0,311.2,center
MA6_4,MA6,Grapefruit,13,99.87,1.97,436.5,270.8,center
MA6_4,MA6,Grapefruit,14,105.3,0.4,435.3,267.4,center
MA6_4,MA6,Grapefruit,15,110.5,0.47,431.5,264.8,center
MA6_4,MA6,Grapefruit,16,116.57,1.5,431.6,275.5,center
MA6_4,MA6,Grapefruit,17,119.5,0.4,433.9,268.0,center
MA6_4,MA6,Grapefruit,18,130.43,0.97,424.9,261.5,center
MA6_4,MA6,Grapefruit,19,132.8,2.37,435.6,250.7,center
MA6_4,MA6,Grapefruit,20,140.63,1.37,434.6,247.8,center
MA6_4,MA6,Grapefruit,21,146.03,0.43,434.3,248.7,center
MA6_4,MA6,Grapefruit,22,159.03,3.93,440.2,328.1,center
MA6_4,MA6,Grapefruit,23,174.07,1.17,434.2,325.8,center
MA6_5,MA6,Grapefruit,1,4.6,5.2,714.6,233.0,center
MA6_5,MA6,Grapefruit,2,17.3,1.6,415.4,271.5,wall
MA6_5,MA6,Grapefruit,3,22.7,0.63,438.6,242.5,center
MA6_5,MA6,Grapefruit,4,25.6,0.5,675.5,195.4,center
MA6_5,MA6,Grapefruit,5,28.07,1.97,743.8,249.3,center
MA6_5,MA6,Grapefruit,6,31.17,6.47,576.1,206.3,center
MA6_5,MA6,Grapefruit,7,42.63,1.03,428.1,429.5,center
MA6_5,MA6,Grapefruit,8,46.87,0.53,497.4,474.4,center
MA6_5,MA6,Grapefruit,9,48.4,0.83,658.7,494.8,center
MA6_5,MA6,Grapefruit,10,51.23,1.77,672.3,464.1,center
MA6_5,MA6,Grapefruit,11,54.17,2.0,574.3,500.7,center
MA6_5,MA6,Grapefruit,12,61.8,1.97,442.3,433.2,center
MA6_5,MA6,Grapefruit,13,81.1,1.13,661.1,186.5,center
MA6_5,MA6,Grapefruit,14,95.8,0.3,481.0,271.0,center
MA6_5,MA6,Grapefruit,15,106.2,1.37,678.9,186.7,center
MA6_5,MA6,Grapefruit,16,109.67,10.23,708.3,212.0,center
MA6_5,MA6,Grapefruit,17,139.5,3.93,490.4,234.2,center
MA6_5,MA6,Grapefruit,18,152.47,1.0,640.1,491.0,center
MA6_5,MA6,Grapefruit,19,160.7,3.17,724.2,260.5,center
